Date,SP500_Earnings_Annual_Yield_Monthly
1871-01-01,0.0900900900900901
1871-02-01,0.08888888888888889
1871-03-01,0.08680555555555555
1871-04-01,0.08438818565400844
1871-05-01,0.0823045267489712
1871-06-01,0.08298755186721991
1871-07-01,0.08460236886632826
1871-08-01,0.08347245409015025
1871-09-01,0.08264462809917356
1871-10-01,0.08710801393728222
1871-11-01,0.08620689655172414
1871-12-01,0.08438818565400844
1872-01-01,0.08285004142502071
1872-02-01,0.08298755186721991
1872-03-01,0.08084074373484236
1872-04-01,0.0791765637371338
1872-05-01,0.07961783439490445
1872-06-01,0.08090614886731393
1872-07-01,0.0818330605564648
1872-08-01,0.08333333333333333
1872-09-01,0.08532423208191126
1872-10-01,0.0855431993156544
1872-11-01,0.08635578583765112
1872-12-01,0.08481764206955048
1873-01-01,0.08460236886632826
1873-02-01,0.08445945945945946
1873-03-01,0.08561643835616438
1873-04-01,0.08733624454148473
1873-05-01,0.0876424189307625
1873-06-01,0.08936550491510277
1873-07-01,0.09000900090009001
1873-08-01,0.09057971014492755
1873-09-01,0.09861932938856015
1873-10-01,0.10857763300760043
1873-11-01,0.11325028312570781
1873-12-01,0.10405827263267431
1874-01-01,0.09871668311944717
1874-02-01,0.09587727708533078
1874-03-01,0.09727626459143969
1874-04-01,0.1
1874-05-01,0.1026694045174538
1874-06-01,0.10309278350515465
1874-07-01,0.10309278350515465
1874-08-01,0.10288065843621398
1874-09-01,0.10131712259371835
1874-10-01,0.10152284263959391
1874-11-01,0.10070493454179255
1874-12-01,0.10131712259371835
1875-01-01,0.09950248756218905
1875-02-01,0.09784735812133072
1875-03-01,0.0947867298578199
1875-04-01,0.09174311926605504
1875-05-01,0.09354536950420955
1875-06-01,0.09363295880149813
1875-07-01,0.09149130832570906
1875-08-01,0.08920606601248884
1875-09-01,0.0881057268722467
1875-10-01,0.0876424189307625
1875-11-01,0.08424599831508003
1875-12-01,0.08237232289950576
1876-01-01,0.0792393026941363
1876-02-01,0.07668711656441718
1876-03-01,0.07541478129713423
1876-04-01,0.07680491551459294
1876-05-01,0.07818608287724786
1876-06-01,0.07710100231303006
1876-07-01,0.07639419404125286
1876-08-01,0.078064012490242
1876-09-01,0.08130081300813008
1876-10-01,0.07993605115907275
1876-11-01,0.07961783439490445
1876-12-01,0.07818608287724786
1877-01-01,0.07936507936507936
1877-02-01,0.08481764206955048
1877-03-01,0.08992805755395684
1877-04-01,0.0975609756097561
1877-05-01,0.09803921568627452
1877-06-01,0.10626992561105207
1877-07-01,0.1023541453428864
1877-08-01,0.09615384615384615
1877-09-01,0.09107468123861566
1877-10-01,0.08960573476702509
1877-11-01,0.09149130832570906
1877-12-01,0.09233610341643582
1878-01-01,0.09259259259259259
1878-02-01,0.09487666034155598
1878-03-01,0.09337068160597571
1878-04-01,0.09107468123861566
1878-05-01,0.09107468123861566
1878-06-01,0.08944543828264759
1878-07-01,0.08787346221441124
1878-08-01,0.08888888888888889
1878-09-01,0.08733624454148473
1878-10-01,0.08857395925597875
1878-11-01,0.08912655971479501
1878-12-01,0.08984725965858041
1879-01-01,0.08818342151675485
1879-02-01,0.08673026886383348
1879-03-01,0.08968609865470852
1879-04-01,0.08841732979664013
1879-05-01,0.08605851979345956
1879-06-01,0.08710801393728222
1879-07-01,0.08680555555555555
1879-08-01,0.0876424189307625
1879-09-01,0.0859106529209622
1879-10-01,0.07867820613690008
1879-11-01,0.07593014426727411
1879-12-01,0.07722007722007722
1880-01-01,0.07616146230007616
1880-02-01,0.07656967840735068
1880-03-01,0.07686395080707148
1880-04-01,0.08045052292839903
1880-05-01,0.08928571428571429
1880-06-01,0.09082652134423251
1880-07-01,0.08865248226950355
1880-08-01,0.08733624454148473
1880-09-01,0.08928571428571429
1880-10-01,0.08849557522123894
1880-11-01,0.0856898029134533
1880-12-01,0.08389261744966443
1881-01-01,0.07849293563579278
1881-02-01,0.078064012490242
1881-03-01,0.07651109410864575
1881-04-01,0.076103500761035
1881-05-01,0.07220216606498195
1881-06-01,0.0706713780918728
1881-07-01,0.07256894049346879
1881-08-01,0.07363770250368189
1881-09-01,0.0724112961622013
1881-10-01,0.07288629737609328
1881-11-01,0.07173601147776183
1881-12-01,0.07320644216691069
1882-01-01,0.07418397626112759
1882-02-01,0.07570022710068129
1882-03-01,0.07570022710068129
1882-04-01,0.0755287009063444
1882-05-01,0.07633587786259542
1882-06-01,0.07656967840735068
1882-07-01,0.0723589001447178
1882-08-01,0.07012622720897616
1882-09-01,0.0693000693000693
1882-10-01,0.07112375533428164
1882-11-01,0.07412898443291327
1882-12-01,0.07363770250368189
1883-01-01,0.07358351729212656
1883-02-01,0.07485029940119761
1883-03-01,0.07347538574577517
1883-04-01,0.07153075822603719
1883-05-01,0.0723589001447178
1883-06-01,0.07132667617689016
1883-07-01,0.07199424046076314
1883-08-01,0.07496251874062969
1883-09-01,0.07369196757553427
1883-10-01,0.07530120481927711
1883-11-01,0.07369196757553427
1883-12-01,0.0749063670411985
1884-01-01,0.07575757575757576
1884-02-01,0.0723589001447178
1884-03-01,0.07122507122507123
1884-04-01,0.07309941520467836
1884-05-01,0.0779423226812159
1884-06-01,0.07961783439490445
1884-07-01,0.0779423226812159
1884-08-01,0.07173601147776183
1884-09-01,0.07246376811594203
1884-10-01,0.07320644216691069
1884-11-01,0.07299270072992702
1884-12-01,0.07142857142857142
1885-01-01,0.0723589001447178
1885-02-01,0.06939625260235947
1885-03-01,0.0684931506849315
1885-04-01,0.06788866259334692
1885-05-01,0.06788866259334692
1885-06-01,0.06743088334457181
1885-07-01,0.06426735218508997
1885-08-01,0.06013229104028864
1885-09-01,0.060204695966285374
1885-10-01,0.056242969628796394
1885-11-01,0.052164840897235255
1885-12-01,0.05192107995846313
1886-01-01,0.052882072977260705
1886-02-01,0.05282620179609086
1886-03-01,0.05491488193300384
1886-04-01,0.056625141562853906
1886-05-01,0.05875440658049354
1886-06-01,0.05714285714285714
1886-07-01,0.05720823798627002
1886-08-01,0.057736720554272515
1886-09-01,0.057175528873642086
1886-10-01,0.056625141562853906
1886-11-01,0.05611672278338945
1886-12-01,0.058513750731421885
1887-01-01,0.05959475566150178
1887-02-01,0.060459492140266025
1887-03-01,0.05952380952380952
1887-04-01,0.0586166471277843
1887-05-01,0.05803830528148578
1887-06-01,0.060204695966285374
1887-07-01,0.062150403977625855
1887-08-01,0.06422607578676942
1887-09-01,0.0655307994757536
1887-10-01,0.06825938566552901
1887-11-01,0.06743088334457181
1887-12-01,0.06830601092896174
1888-01-01,0.06622516556291391
1888-02-01,0.06501950585175552
1888-03-01,0.06596306068601583
1888-04-01,0.06406149903907751
1888-05-01,0.061576354679802964
1888-06-01,0.06188118811881188
1888-07-01,0.05868544600938967
1888-08-01,0.0558659217877095
1888-09-01,0.05296610169491526
1888-10-01,0.05170630816959669
1888-11-01,0.05120327700972862
1888-12-01,0.05058168942842691
1889-01-01,0.05025125628140704
1889-02-01,0.050327126321087066
1889-03-01,0.052029136316337155
1889-04-01,0.052770448548812667
1889-05-01,0.052002080083203325
1889-06-01,0.05175983436853002
1889-07-01,0.053447354355959376
1889-08-01,0.05339028296849973
1889-09-01,0.05271481286241434
1889-10-01,0.054318305268875614
1889-11-01,0.05546311702717693
1889-12-01,0.05640157924421884
1890-01-01,0.05561735261401557
1890-02-01,0.05608524957936063
1890-03-01,0.056338028169014086
1890-04-01,0.0550357732526142
1890-05-01,0.05263157894736842
1890-06-01,0.05285412262156448
1890-07-01,0.053106744556558685
1890-08-01,0.05420054200542006
1890-09-01,0.05497526113249038
1890-10-01,0.057405281285878296
1890-11-01,0.0617283950617284
1890-12-01,0.06305170239596469
1891-01-01,0.060790273556231005
1891-02-01,0.06086427267194157
1891-03-01,0.06289308176100629
1891-04-01,0.0617283950617284
1891-05-01,0.06277463904582549
1891-06-01,0.06493506493506493
1891-07-01,0.06693440428380187
1891-08-01,0.06557377049180328
1891-09-01,0.06146281499692686
1891-10-01,0.06222775357809583
1891-11-01,0.06397952655150352
1891-12-01,0.06285355122564425
1892-01-01,0.062150403977625855
1892-02-01,0.0625
1892-03-01,0.06226650062266501
1892-04-01,0.06285355122564425
1892-05-01,0.06329113924050632
1892-06-01,0.06406149903907751
1892-07-01,0.06451612903225806
1892-08-01,0.06406149903907751
1892-09-01,0.06613756613756615
1892-10-01,0.06527415143603132
1892-11-01,0.06596306068601583
1892-12-01,0.0671591672263264
1893-01-01,0.06430868167202572
1893-02-01,0.06381620931716656
1893-03-01,0.06451612903225806
1893-04-01,0.06277463904582549
1893-05-01,0.06697923643670463
1893-06-01,0.06835269993164729
1893-07-01,0.07315288953913679
1893-08-01,0.07272727272727272
1893-09-01,0.06578947368421052
1893-10-01,0.061842918985776124
1893-11-01,0.058892815076560655
1893-12-01,0.05896226415094339
1894-01-01,0.05827505827505827
1894-02-01,0.05555555555555555
1894-03-01,0.05211047420531526
1894-04-01,0.0496031746031746
1894-05-01,0.0496031746031746
1894-06-01,0.04837929366231253
1894-07-01,0.04746084480303749
1894-08-01,0.04384042086804034
1894-09-01,0.04128819157720892
1894-10-01,0.04071661237785017
1894-11-01,0.038774718883288095
1894-12-01,0.03720238095238095
1895-01-01,0.039416633819471816
1895-02-01,0.04177109440267335
1895-03-01,0.04355400696864111
1895-04-01,0.043478260869565216
1895-05-01,0.04284490145672665
1895-06-01,0.04361098996947231
1895-07-01,0.04502476361999099
1895-08-01,0.04593477262287552
1895-09-01,0.04719207173194903
1895-10-01,0.04948045522018803
1895-11-01,0.05282620179609086
1895-12-01,0.057870370370370364
1896-01-01,0.057770075101097634
1896-02-01,0.05467468562055768
1896-03-01,0.0547945205479452
1896-04-01,0.05356186395286555
1896-05-01,0.053022269353128315
1896-06-01,0.05324813631522896
1896-07-01,0.05611672278338945
1896-08-01,0.0586166471277843
1896-09-01,0.05485463521667581
1896-10-01,0.05285412262156448
1896-11-01,0.04870920603994155
1896-12-01,0.04975124378109452
1897-01-01,0.051733057423693746
1897-02-01,0.054229934924078085
1897-03-01,0.05608524957936063
1897-04-01,0.059916117435590166
1897-05-01,0.061690314620604564
1897-06-01,0.06090133982947624
1897-07-01,0.06016847172081829
1897-08-01,0.05824111822947
1897-09-01,0.057240984544934176
1897-10-01,0.06086427267194157
1897-11-01,0.06489292667099286
1897-12-01,0.06527415143603132
1898-01-01,0.06418485237483953
1898-02-01,0.06501950585175552
1898-03-01,0.06882312456985547
1898-04-01,0.07072135785007072
1898-05-01,0.0670690811535882
1898-06-01,0.06523157208088715
1898-07-01,0.06561679790026247
1898-08-01,0.06389776357827476
1898-09-01,0.06464124111182934
1898-10-01,0.06666666666666667
1898-11-01,0.0651890482398957
1898-12-01,0.06195786864931846
1899-01-01,0.05934718100890207
1899-02-01,0.058892815076560655
1899-03-01,0.05977286312014345
1899-04-01,0.06067961165048544
1899-05-01,0.06510416666666667
1899-06-01,0.06835269993164729
1899-07-01,0.06779661016949153
1899-08-01,0.06779661016949153
1899-09-01,0.07027406886858749
1899-10-01,0.07230657989877079
1899-11-01,0.07262164124909223
1899-12-01,0.07974481658692185
1900-01-01,0.07867820613690008
1900-02-01,0.07727975270479134
1900-03-01,0.07668711656441718
1900-04-01,0.07570022710068129
1900-05-01,0.0794912559618442
1900-06-01,0.0819000819000819
1900-07-01,0.0819000819000819
1900-08-01,0.08077544426494346
1900-09-01,0.08278145695364239
1900-10-01,0.07987220447284345
1900-11-01,0.07407407407407407
1900-12-01,0.06988120195667365
1901-01-01,0.0681198910081744
1901-02-01,0.06666666666666667
1901-03-01,0.06459948320413436
1901-04-01,0.059808612440191394
1901-05-01,0.06317119393556538
1901-06-01,0.05763688760806916
1901-07-01,0.061996280223186616
1901-08-01,0.06134969325153374
1901-09-01,0.06188118811881188
1901-10-01,0.06277463904582549
1901-11-01,0.06165228113440198
1901-12-01,0.06289308176100629
1902-01-01,0.06289308176100629
1902-02-01,0.06369426751592357
1902-03-01,0.06493506493506493
1902-04-01,0.06406149903907751
1902-05-01,0.06548788474132286
1902-06-01,0.06720430107526881
1902-07-01,0.06693440428380187
1902-08-01,0.06644518272425248
1902-09-01,0.06752194463200539
1902-10-01,0.07097232079488999
1902-11-01,0.07513148009015777
1902-12-01,0.0782472613458529
1903-01-01,0.07347538574577517
1903-02-01,0.07293946024799416
1903-03-01,0.07485029940119761
1903-04-01,0.07698229407236336
1903-05-01,0.07739938080495357
1903-06-01,0.08077544426494346
1903-07-01,0.08347245409015025
1903-08-01,0.08496176720475786
1903-09-01,0.08576329331046312
1903-10-01,0.08733624454148473
1903-11-01,0.0856898029134533
1903-12-01,0.08064516129032258
1904-01-01,0.07886435331230283
1904-02-01,0.08051529790660225
1904-03-01,0.08025682182985554
1904-04-01,0.07782101167315175
1904-05-01,0.07898894154818326
1904-06-01,0.07836990595611286
1904-07-01,0.07473841554559042
1904-08-01,0.07178750897343862
1904-09-01,0.06830601092896174
1904-10-01,0.06410256410256411
1904-11-01,0.060386473429951695
1904-12-01,0.05938242280285036
1905-01-01,0.059916117435590166
1905-02-01,0.05910165484633569
1905-03-01,0.05910165484633569
1905-04-01,0.06153846153846154
1905-05-01,0.06648936170212766
1905-06-01,0.06743088334457181
1905-07-01,0.0670690811535882
1905-08-01,0.06631299734748011
1905-09-01,0.06770480704129993
1905-10-01,0.06839945280437756
1905-11-01,0.07037297677691766
1905-12-01,0.0702247191011236
1906-01-01,0.06863417982155114
1906-02-01,0.06988120195667365
1906-03-01,0.0724112961622013
1906-04-01,0.07423904974016332
1906-05-01,0.07704160246533127
1906-06-01,0.07686395080707148
1906-07-01,0.07974481658692185
1906-08-01,0.07501875468867217
1906-09-01,0.07352941176470588
1906-10-01,0.07656967840735068
1906-11-01,0.07575757575757576
1906-12-01,0.07722007722007722
1907-01-01,0.07861635220125786
1907-02-01,0.08025682182985554
1907-03-01,0.08802816901408451
1907-04-01,0.08658008658008658
1907-05-01,0.08865248226950355
1907-06-01,0.09057971014492755
1907-07-01,0.08620689655172414
1907-08-01,0.09208103130755065
1907-09-01,0.09191176470588235
1907-10-01,0.1019367991845056
1907-11-01,0.10695187165775401
1907-12-01,0.10050251256281408
1908-01-01,0.09532888465204957
1908-02-01,0.0979431929480901
1908-03-01,0.09319664492078285
1908-04-01,0.08748906386701663
1908-05-01,0.08216926869350863
1908-06-01,0.08116883116883117
1908-07-01,0.07745933384972889
1908-08-01,0.07347538574577517
1908-09-01,0.07342143906020558
1908-10-01,0.07173601147776183
1908-11-01,0.06644518272425248
1908-12-01,0.06422607578676942
1909-01-01,0.06565988181221273
1909-02-01,0.0693000693000693
1909-03-01,0.0700770847932726
1909-04-01,0.06868131868131867
1909-05-01,0.06802721088435375
1909-06-01,0.06835269993164729
1909-07-01,0.06891798759476224
1909-08-01,0.06877579092159561
1909-09-01,0.07017543859649122
1909-10-01,0.07137758743754462
1909-11-01,0.07320644216691069
1909-12-01,0.07380073800738007
1910-01-01,0.07513148009015777
1910-02-01,0.07770007770007771
1910-03-01,0.0755287009063444
1910-04-01,0.07716049382716049
1910-05-01,0.07818608287724786
1910-06-01,0.0819000819000819
1910-07-01,0.0859106529209622
1910-08-01,0.08361204013377926
1910-09-01,0.08278145695364239
1910-10-01,0.07886435331230283
1910-11-01,0.07867820613690008
1910-12-01,0.08064516129032258
1911-01-01,0.07745933384972889
1911-02-01,0.07496251874062969
1911-03-01,0.07457121551081282
1911-04-01,0.07363770250368189
1911-05-01,0.07087172218284904
1911-06-01,0.06825938566552901
1911-07-01,0.06734006734006734
1911-08-01,0.06944444444444445
1911-09-01,0.07209805335255949
1911-10-01,0.07032348804500703
1911-11-01,0.06635700066357
1911-12-01,0.06476683937823835
1912-01-01,0.0657030223390276
1912-02-01,0.06729475100942127
1912-03-01,0.06640106241699867
1912-04-01,0.06535947712418301
1912-05-01,0.06635700066357
1912-06-01,0.06734006734006734
1912-07-01,0.06821282401091405
1912-08-01,0.0676132521974307
1912-09-01,0.06821282401091405
1912-10-01,0.0693000693000693
1912-11-01,0.07097232079488999
1912-12-01,0.07462686567164178
1913-01-01,0.07462686567164178
1913-02-01,0.07674597083653109
1913-03-01,0.07757951900698215
1913-04-01,0.07698229407236336
1913-05-01,0.0784313725490196
1913-06-01,0.0819000819000819
1913-07-01,0.08012820512820512
1913-08-01,0.07733952049497293
1913-09-01,0.07593014426727411
1913-10-01,0.07770007770007771
1913-11-01,0.07898894154818326
1913-12-01,0.07836990595611286
1914-01-01,0.07418397626112759
1914-02-01,0.07215007215007216
1914-03-01,0.0724112961622013
1914-04-01,0.07304601899196494
1914-05-01,0.07153075822603719
1914-06-01,0.07072135785007072
1914-07-01,0.07369196757553427
1914-08-01,0.07246376811594203
1914-09-01,0.07127583749109052
1914-10-01,0.0700770847932726
1914-11-01,0.06891798759476224
1914-12-01,0.07077140835102619
1915-01-01,0.07352941176470588
1915-02-01,0.07861635220125786
1915-03-01,0.08058017727639001
1915-04-01,0.07861635220125786
1915-05-01,0.08424599831508003
1915-06-01,0.08703220191470844
1915-07-01,0.09115770282588878
1915-08-01,0.09099181073703366
1915-09-01,0.09124087591240876
1915-10-01,0.08968609865470852
1915-11-01,0.08984725965858041
1915-12-01,0.09285051067780874
1916-01-01,0.10010010010010009
1916-02-01,0.10741138560687433
1916-03-01,0.11363636363636363
1916-04-01,0.12091898428053205
1916-05-01,0.12422360248447203
1916-06-01,0.1287001287001287
1916-07-01,0.1364256480218281
1916-08-01,0.14124293785310735
1916-09-01,0.14124293785310735
1916-10-01,0.14245014245014245
1916-11-01,0.14450867052023122
1916-12-01,0.15600624024961
1917-01-01,0.15772870662460567
1917-02-01,0.16474464579901152
1917-03-01,0.15772870662460567
1917-04-01,0.15772870662460567
1917-05-01,0.1610305958132045
1917-06-01,0.15552099533437014
1917-07-01,0.15748031496062992
1917-08-01,0.1597444089456869
1917-09-01,0.1652892561983471
1917-10-01,0.17211703958691912
1917-11-01,0.18484288354898337
1917-12-01,0.18832391713747648
1918-01-01,0.17421602787456444
1918-02-01,0.16583747927031509
1918-03-01,0.16583747927031509
1918-04-01,0.16420361247947454
1918-05-01,0.1557632398753894
1918-06-01,0.1524390243902439
1918-07-01,0.14792899408284024
1918-08-01,0.14347202295552366
1918-09-01,0.14104372355430184
1918-10-01,0.1321003963011889
1918-11-01,0.12578616352201258
1918-12-01,0.12531328320802004
1919-01-01,0.12547051442910917
1919-02-01,0.12437810945273634
1919-03-01,0.12004801920768307
1919-04-01,0.11560693641618497
1919-05-01,0.1075268817204301
1919-06-01,0.10427528675703858
1919-07-01,0.1004016064257028
1919-08-01,0.10706638115631692
1919-09-01,0.10493179433368312
1919-10-01,0.09930486593843098
1919-11-01,0.1017293997965412
1919-12-01,0.10427528675703858
1920-01-01,0.10405827263267431
1920-02-01,0.11210762331838565
1920-03-01,0.10351966873706003
1920-04-01,0.10309278350515465
1920-05-01,0.10869565217391305
1920-06-01,0.1091703056768559
1920-07-01,0.1079913606911447
1920-08-01,0.11098779134295228
1920-09-01,0.10582010582010583
1920-10-01,0.10427528675703858
1920-11-01,0.10834236186348863
1920-12-01,0.11750881316098707
1921-01-01,0.10649627263045792
1921-02-01,0.10131712259371835
1921-03-01,0.09775171065493646
1921-04-01,0.09115770282588878
1921-05-01,0.08250825082508251
1921-06-01,0.0831946755407654
1921-07-01,0.07692307692307693
1921-08-01,0.07132667617689016
1921-09-01,0.06317119393556538
1921-10-01,0.05595970900951315
1921-11-01,0.047103155911446065
1921-12-01,0.03966679888932963
1922-01-01,0.04428697962798937
1922-02-01,0.04782400765184122
1922-03-01,0.05037783375314861
1922-04-01,0.051546391752577324
1922-05-01,0.05353319057815846
1922-06-01,0.0580046403712297
1922-07-01,0.061500615006150054
1922-08-01,0.06305170239596469
1922-09-01,0.06510416666666667
1922-10-01,0.06729475100942127
1922-11-01,0.07462686567164178
1922-12-01,0.07861635220125786
1923-01-01,0.08025682182985554
1923-02-01,0.07955449482895784
1923-03-01,0.08084074373484236
1923-04-01,0.08643042350907519
1923-05-01,0.09354536950420955
1923-06-01,0.10010010010010009
1923-07-01,0.10660980810234541
1923-08-01,0.10905125408942203
1923-09-01,0.11135857461024498
1923-10-01,0.1160092807424594
1923-11-01,0.11560693641618497
1923-12-01,0.1146788990825688
1924-01-01,0.11049723756906077
1924-02-01,0.10952902519167579
1924-03-01,0.11123470522803114
1924-04-01,0.11337868480725623
1924-05-01,0.11325028312570781
1924-06-01,0.11061946902654868
1924-07-01,0.10526315789473684
1924-08-01,0.10131712259371835
1924-09-01,0.1019367991845056
1924-10-01,0.10277492291880781
1924-11-01,0.09689922480620154
1924-12-01,0.09157509157509157
1925-01-01,0.09041591320072333
1925-02-01,0.09216589861751152
1925-03-01,0.09718172983479106
1925-04-01,0.10090817356205853
1925-05-01,0.1002004008016032
1925-06-01,0.10090817356205853
1925-07-01,0.1006036217303823
1925-08-01,0.1016260162601626
1925-09-01,0.1016260162601626
1925-10-01,0.10070493454179255
1925-11-01,0.0998003992015968
1925-12-01,0.10030090270812436
1926-01-01,0.09871668311944717
1926-02-01,0.09852216748768472
1926-03-01,0.10570824524312895
1926-04-01,0.10857763300760043
1926-05-01,0.10775862068965518
1926-06-01,0.10277492291880781
1926-07-01,0.09861932938856015
1926-08-01,0.0946969696969697
1926-09-01,0.09328358208955223
1926-10-01,0.09541984732824427
1926-11-01,0.09407337723424271
1926-12-01,0.09191176470588235
1927-01-01,0.09174311926605504
1927-02-01,0.08912655971479501
1927-03-01,0.08710801393728222
1927-04-01,0.08424599831508003
1927-05-01,0.08071025020177562
1927-06-01,0.07892659826361484
1927-07-01,0.0764525993883792
1927-08-01,0.07194244604316546
1927-09-01,0.06747638326585695
1927-10-01,0.06788866259334692
1927-11-01,0.0657030223390276
1927-12-01,0.06357279084551812
1928-01-01,0.06464124111182934
1928-02-01,0.06666666666666667
1928-03-01,0.06447453255963895
1928-04-01,0.061842918985776124
1928-05-01,0.06108735491753207
1928-06-01,0.06544502617801047
1928-07-01,0.06618133686300463
1928-08-01,0.06523157208088715
1928-09-01,0.06195786864931846
1928-10-01,0.06180469715698393
1928-11-01,0.05885815185403179
1928-12-01,0.05959475566150178
1929-01-01,0.056274620146314014
1929-02-01,0.056753688989784334
1929-03-01,0.05656108597285068
1929-04-01,0.05763688760806916
1929-05-01,0.057537399309551214
1929-06-01,0.057175528873642086
1929-07-01,0.053163211057947905
1929-08-01,0.05094243504839532
1929-09-01,0.04957858205255329
1929-10-01,0.05614823133071309
1929-11-01,0.07727975270479134
1929-12-01,0.07524454477050414
1930-01-01,0.07173601147776183
1930-02-01,0.06514657980456026
1930-03-01,0.06056935190793458
1930-04-01,0.054884742041712405
1930-05-01,0.05608524957936063
1930-06-01,0.05995203836930456
1930-07-01,0.05871990604815032
1930-08-01,0.05691519635742743
1930-09-01,0.0543773790103317
1930-10-01,0.06009615384615384
1930-11-01,0.06153846153846154
1930-12-01,0.06253908692933083
1931-01-01,0.058823529411764705
1931-02-01,0.052910052910052914
1931-03-01,0.0502008032128514
1931-04-01,0.05359056806002144
1931-05-01,0.05720823798627002
1931-06-01,0.056947608200455586
1931-07-01,0.053022269353128315
1931-08-01,0.052521008403361345
1931-09-01,0.0591715976331361
1931-10-01,0.06535947712418301
1931-11-01,0.061614294516327786
1931-12-01,0.07225433526011561
1932-01-01,0.07147962830593281
1932-02-01,0.0700770847932726
1932-03-01,0.06779661016949153
1932-04-01,0.08650519031141868
1932-05-01,0.09560229445506692
1932-06-01,0.10695187165775401
1932-07-01,0.09842519685039369
1932-08-01,0.06329113924050632
1932-09-01,0.05567928730512249
1932-10-01,0.06226650062266501
1932-11-01,0.06053268765133172
1932-12-01,0.06013229104028864
1933-01-01,0.05817335660267597
1933-02-01,0.06640106241699867
1933-03-01,0.06702412868632708
1933-04-01,0.06097560975609757
1933-05-01,0.04764173415912339
1933-06-01,0.0408997955010225
1933-07-01,0.03806623524933384
1933-08-01,0.04030632809351068
1933-09-01,0.04088307440719542
1933-10-01,0.04555808656036447
1933-11-01,0.04474272930648769
1933-12-01,0.0441306266548985
1934-01-01,0.04214075010535188
1934-02-01,0.039603960396039604
1934-03-01,0.04214075010535188
1934-04-01,0.04182350480970305
1934-05-01,0.046970408642555195
1934-06-01,0.046772684752104776
1934-07-01,0.049554013875123884
1934-08-01,0.052002080083203325
1934-09-01,0.05376344086021505
1934-10-01,0.053821313240043064
1934-11-01,0.05279831045406547
1934-12-01,0.052910052910052914
1935-01-01,0.06153846153846154
1935-02-01,0.0723589001447178
1935-03-01,0.08680555555555555
1935-04-01,0.08368200836820085
1935-05-01,0.08032128514056225
1935-06-01,0.08006405124099279
1935-07-01,0.07451564828614009
1935-08-01,0.06830601092896174
1935-09-01,0.06544502617801047
1935-10-01,0.06377551020408163
1935-11-01,0.05827505827505827
1935-12-01,0.05827505827505827
1936-01-01,0.05595970900951315
1936-02-01,0.05361930294906166
1936-03-01,0.053163211057947905
1936-04-01,0.05509641873278237
1936-05-01,0.06031363088057902
1936-06-01,0.059916117435590166
1936-07-01,0.0578368999421631
1936-08-01,0.057971014492753624
1936-09-01,0.05858230814294083
1936-10-01,0.057240984544934176
1936-11-01,0.05720823798627002
1936-12-01,0.05977286312014345
1937-01-01,0.05970149253731343
1937-02-01,0.05963029218843172
1937-03-01,0.06134969325153374
1937-04-01,0.06644518272425248
1937-05-01,0.07077140835102619
1937-06-01,0.07479431563201197
1937-07-01,0.07163323782234957
1937-08-01,0.07189072609633357
1937-09-01,0.08488964346349746
1937-10-01,0.09689922480620154
1937-11-01,0.10351966873706003
1937-12-01,0.10256410256410256
1938-01-01,0.09523809523809523
1938-02-01,0.09267840593141799
1938-03-01,0.09407337723424271
1938-04-01,0.09132420091324202
1938-05-01,0.08382229673093043
1938-06-01,0.07541478129713423
1938-07-01,0.058823529411764705
1938-08-01,0.05443658138268916
1938-09-01,0.052770448548812667
1938-10-01,0.04798464491362764
1938-11-01,0.04844961240310077
1938-12-01,0.05042864346949068
1939-01-01,0.05307855626326964
1939-02-01,0.05537098560354375
1939-03-01,0.05730659025787966
1939-04-01,0.06711409395973154
1939-05-01,0.06618133686300463
1939-06-01,0.06648936170212766
1939-07-01,0.06631299734748011
1939-08-01,0.06872852233676975
1939-09-01,0.06341154090044389
1939-10-01,0.06510416666666667
1939-11-01,0.06868131868131867
1939-12-01,0.07278020378457059
1940-01-01,0.07558578987150416
1940-02-01,0.07855459544383346
1940-03-01,0.08149959250203749
1940-04-01,0.08203445447087777
1940-05-01,0.09671179883945842
1940-06-01,0.1075268817204301
1940-07-01,0.10548523206751054
1940-08-01,0.10460251046025104
1940-09-01,0.1016260162601626
1940-10-01,0.09970089730807578
1940-11-01,0.09652509652509653
1940-12-01,0.09970089730807578
1941-01-01,0.0998003992015968
1941-02-01,0.10683760683760685
1941-03-01,0.10649627263045792
1941-04-01,0.11098779134295228
1941-05-01,0.1145475372279496
1941-06-01,0.111731843575419
1941-07-01,0.10952902519167579
1941-08-01,0.11325028312570781
1941-09-01,0.11614401858304298
1941-10-01,0.12004801920768307
1941-11-01,0.12484394506866417
1941-12-01,0.13245033112582782
1942-01-01,0.12547051442910917
1942-02-01,0.12484394506866417
1942-03-01,0.12706480304955528
1942-04-01,0.13003901170351104
1942-05-01,0.12610340479192939
1942-06-01,0.11764705882352941
1942-07-01,0.11185682326621925
1942-08-01,0.11098779134295228
1942-09-01,0.10834236186348863
1942-10-01,0.10405827263267431
1942-11-01,0.10559662090813093
1942-12-01,0.10822510822510822
1943-01-01,0.10341261633919338
1943-02-01,0.09881422924901187
1943-03-01,0.0966183574879227
1943-04-01,0.09442870632672333
1943-05-01,0.09165902841429881
1943-06-01,0.09090909090909091
1943-07-01,0.08849557522123894
1943-08-01,0.09259259259259259
1943-09-01,0.0900900900900901
1943-10-01,0.08695652173913043
1943-11-01,0.08710801393728222
1943-12-01,0.0819000819000819
1944-01-01,0.07905138339920949
1944-02-01,0.07930214115781127
1944-03-01,0.07686395080707148
1944-04-01,0.0779423226812159
1944-05-01,0.07633587786259542
1944-06-01,0.07262164124909223
1944-07-01,0.07027406886858749
1944-08-01,0.07077140835102619
1944-09-01,0.07142857142857142
1944-10-01,0.07047216349541931
1944-11-01,0.07178750897343862
1944-12-01,0.07097232079488999
1945-01-01,0.06968641114982578
1945-02-01,0.0681663258350375
1945-03-01,0.06891798759476224
1945-04-01,0.0681663258350375
1945-05-01,0.06657789613848203
1945-06-01,0.06626905235255136
1945-07-01,0.06743088334457181
1945-08-01,0.06697923643670463
1945-09-01,0.0625
1945-10-01,0.05938242280285036
1945-11-01,0.05691519635742743
1945-12-01,0.055401662049861494
1946-01-01,0.052164840897235255
1946-02-01,0.05091649694501018
1946-03-01,0.0513347022587269
1946-04-01,0.04716981132075472
1946-05-01,0.04599816007359706
1946-06-01,0.045207956600361664
1946-07-01,0.04746084480303749
1946-08-01,0.0493339911198816
1946-09-01,0.05896226415094339
1946-10-01,0.06418485237483953
1946-11-01,0.06830601092896174
1946-12-01,0.0700770847932726
1947-01-01,0.07429420505200594
1947-02-01,0.07593014426727411
1947-03-01,0.08375209380234507
1947-04-01,0.09090909090909091
1947-05-01,0.09643201542912247
1947-06-01,0.09699321047526673
1947-07-01,0.09363295880149813
1947-08-01,0.09784735812133072
1947-09-01,0.10288065843621398
1947-10-01,0.1016260162601626
1947-11-01,0.10416666666666667
1947-12-01,0.10706638115631692
1948-01-01,0.11086474501108648
1948-02-01,0.11890606420927467
1948-03-01,0.11961722488038279
1948-04-01,0.11428571428571428
1948-05-01,0.11210762331838565
1948-06-01,0.11061946902654868
1948-07-01,0.11750881316098707
1948-08-01,0.12547051442910917
1948-09-01,0.1314060446780552
1948-10-01,0.13245033112582782
1948-11-01,0.14492753623188406
1948-12-01,0.15082956259426847
1949-01-01,0.1510574018126888
1949-02-01,0.1589825119236884
1949-03-01,0.1597444089456869
1949-04-01,0.16025641025641024
1949-05-01,0.16181229773462785
1949-06-01,0.1718213058419244
1949-07-01,0.16233766233766234
1949-08-01,0.1564945226917058
1949-09-01,0.15432098765432098
1949-10-01,0.14903129657228018
1949-11-01,0.14556040756914118
1949-12-01,0.1402524544179523
1950-01-01,0.13850415512465375
1950-02-01,0.13679890560875513
1950-03-01,0.13661202185792348
1950-04-01,0.1360544217687075
1950-05-01,0.13458950201884254
1950-06-01,0.13550135501355015
1950-07-01,0.14970059880239522
1950-08-01,0.14430014430014432
1950-09-01,0.14265335235378032
1950-10-01,0.1388888888888889
1950-11-01,0.14124293785310735
1950-12-01,0.14388489208633093
1951-01-01,0.1336898395721925
1951-02-01,0.1288659793814433
1951-03-01,0.13089005235602094
1951-04-01,0.12738853503184713
1951-05-01,0.12562814070351758
1951-06-01,0.12626262626262627
1951-07-01,0.12077294685990339
1951-08-01,0.11273957158962797
1951-09-01,0.10695187165775401
1951-10-01,0.10649627263045792
1951-11-01,0.10845986984815617
1951-12-01,0.10427528675703858
1952-01-01,0.10030090270812436
1952-02-01,0.1016260162601626
1952-03-01,0.10080645161290323
1952-04-01,0.10030090270812436
1952-05-01,0.09940357852882703
1952-06-01,0.09596928982725528
1952-07-01,0.09354536950420955
1952-08-01,0.09345794392523366
1952-09-01,0.09523809523809523
1952-10-01,0.09784735812133072
1952-11-01,0.09532888465204957
1952-12-01,0.09216589861751152
1953-01-01,0.09208103130755065
1953-02-01,0.09354536950420955
1953-03-01,0.09345794392523366
1953-04-01,0.09940357852882703
1953-05-01,0.1
1953-06-01,0.10482180293501049
1953-07-01,0.10384215991692626
1953-08-01,0.10405827263267431
1953-09-01,0.10952902519167579
1953-10-01,0.10582010582010583
1953-11-01,0.10298661174047373
1953-12-01,0.10111223458038422
1954-01-01,0.09910802775024777
1954-02-01,0.09746588693957116
1954-03-01,0.09596928982725528
1954-04-01,0.0931098696461825
1954-05-01,0.09041591320072333
1954-06-01,0.09049773755656108
1954-07-01,0.08703220191470844
1954-08-01,0.08547008547008547
1954-09-01,0.08361204013377926
1954-10-01,0.0831946755407654
1954-11-01,0.08143322475570033
1954-12-01,0.0792393026941363
1955-01-01,0.07961783439490445
1955-02-01,0.07874015748031496
1955-03-01,0.08110300081103
1955-04-01,0.08071025020177562
1955-05-01,0.08333333333333333
1955-06-01,0.08097165991902834
1955-07-01,0.07716049382716049
1955-08-01,0.07936507936507936
1955-09-01,0.07757951900698215
1955-10-01,0.0831255195344971
1955-11-01,0.0791765637371338
1955-12-01,0.07980845969672785
1956-01-01,0.08250825082508251
1956-02-01,0.08250825082508251
1956-03-01,0.07770007770007771
1956-04-01,0.07616146230007616
1956-05-01,0.078003120124805
1956-06-01,0.07782101167315175
1956-07-01,0.07283321194464676
1956-08-01,0.07230657989877079
1956-09-01,0.07385524372230429
1956-10-01,0.07446016381236038
1956-11-01,0.0749063670411985
1956-12-01,0.07342143906020558
1957-01-01,0.07496251874062969
1957-02-01,0.07830853563038372
1957-03-01,0.07722007722007722
1957-04-01,0.075642965204236
1957-05-01,0.07293946024799416
1957-06-01,0.07194244604316546
1957-07-01,0.0708215297450425
1957-08-01,0.07535795026375283
1957-09-01,0.07892659826361484
1957-10-01,0.08333333333333333
1957-11-01,0.08431703204047218
1957-12-01,0.0835421888053467
1958-01-01,0.08006405124099279
1958-02-01,0.0779423226812159
1958-03-01,0.07457121551081282
1958-04-01,0.07251631617113852
1958-05-01,0.06863417982155114
1958-06-01,0.06548788474132286
1958-07-01,0.06337135614702155
1958-08-01,0.060716454159077116
1958-09-01,0.058823529411764705
1958-10-01,0.05659309564233163
1958-11-01,0.05497526113249038
1958-12-01,0.05402485143165856
1959-01-01,0.05327650506126798
1959-02-01,0.05543237250554324
1959-03-01,0.05537098560354375
1959-04-01,0.05614823133071309
1959-05-01,0.05698005698005698
1959-06-01,0.0591715976331361
1959-07-01,0.05707762557077626
1959-08-01,0.05757052389176741
1959-09-01,0.06013229104028864
1959-10-01,0.05995203836930456
1959-11-01,0.059453032104637336
1959-12-01,0.057405281285878296
1960-01-01,0.05841121495327103
1960-02-01,0.060790273556231005
1960-03-01,0.061614294516327786
1960-04-01,0.060060060060060066
1960-05-01,0.059808612440191394
1960-06-01,0.056947608200455586
1960-07-01,0.058445353594389245
1960-08-01,0.057803468208092484
1960-09-01,0.059665871121718374
1960-10-01,0.06086427267194157
1960-11-01,0.05896226415094339
1960-12-01,0.05757052389176741
1961-01-01,0.05376344086021505
1961-02-01,0.050658561296859174
1961-03-01,0.04819277108433735
1961-04-01,0.046641791044776115
1961-05-01,0.04587155963302752
1961-06-01,0.04616805170821791
1961-07-01,0.04640371229698376
1961-08-01,0.0449034575662326
1961-09-01,0.045351473922902494
1961-10-01,0.04553734061930783
1961-11-01,0.044228217602830605
1961-12-01,0.0444642063139173
1962-01-01,0.047058823529411764
1962-02-01,0.04714757190004715
1962-03-01,0.04793863854266539
1962-04-01,0.05
1962-05-01,0.05455537370430988
1962-06-01,0.06238303181534622
1962-07-01,0.061274509803921566
1962-08-01,0.05998800239952009
1962-09-01,0.06086427267194157
1962-10-01,0.06369426751592357
1962-11-01,0.060350030175015085
1962-12-01,0.05858230814294083
1963-01-01,0.056625141562853906
1963-02-01,0.05608524957936063
1963-03-01,0.05649717514124294
1963-04-01,0.05458515283842795
1963-05-01,0.05414185165132648
1963-06-01,0.054764512595837894
1963-07-01,0.056179775280898875
1963-08-01,0.05521811154058531
1963-09-01,0.05434782608695653
1963-10-01,0.0544959128065395
1963-11-01,0.05506607929515418
1963-12-01,0.05420054200542006
1964-01-01,0.05327650506126798
1964-02-01,0.05333333333333334
1964-03-01,0.05305039787798408
1964-04-01,0.052910052910052914
1964-05-01,0.053022269353128315
1964-06-01,0.05396654074473826
1964-07-01,0.052603892688058915
1964-08-01,0.05393743257820928
1964-09-01,0.05359056806002144
1964-10-01,0.05299417064122946
1964-11-01,0.05293806246691371
1964-12-01,0.05420054200542006
1965-01-01,0.05333333333333334
1965-02-01,0.053447354355959376
1965-03-01,0.053908355795148244
1965-04-01,0.05379236148466918
1965-05-01,0.05361930294906166
1965-06-01,0.05691519635742743
1965-07-01,0.057537399309551214
1965-08-01,0.057045065601825436
1965-09-01,0.05571030640668524
1965-10-01,0.055248618784530384
1965-11-01,0.05555555555555555
1965-12-01,0.05659309564233163
1966-01-01,0.05614823133071309
1966-02-01,0.05707762557077626
1966-03-01,0.06009615384615384
1966-04-01,0.05871990604815032
1966-05-01,0.062460961898813235
1966-06-01,0.06345177664974619
1966-07-01,0.06381620931716656
1966-08-01,0.0681198910081744
1966-09-01,0.0708215297450425
1966-10-01,0.07163323782234957
1966-11-01,0.06835269993164729
1966-12-01,0.06825938566552901
1967-01-01,0.06531678641410843
1967-02-01,0.06277463904582549
1967-03-01,0.06093845216331505
1967-04-01,0.0594883997620464
1967-05-01,0.0580046403712297
1967-06-01,0.05830903790087464
1967-07-01,0.05720823798627002
1967-08-01,0.056211354693648116
1967-09-01,0.05530973451327434
1967-10-01,0.05549389567147614
1967-11-01,0.057405281285878296
1967-12-01,0.055928411633109625
1968-01-01,0.0564652738565782
1968-02-01,0.05952380952380952
1968-03-01,0.061050061050061055
1968-04-01,0.05730659025787966
1968-05-01,0.0564652738565782
1968-06-01,0.05543237250554324
1968-07-01,0.05583472920156337
1968-08-01,0.05737234652897304
1968-09-01,0.0558659217877095
1968-10-01,0.05485463521667581
1968-11-01,0.054318305268875614
1968-12-01,0.05408328826392645
1969-01-01,0.056657223796034
1969-02-01,0.05714285714285714
1969-03-01,0.0586166471277843
1969-04-01,0.05750431282346176
1969-05-01,0.055772448410485224
1969-06-01,0.058892815076560655
1969-07-01,0.061842918985776124
1969-08-01,0.06234413965087282
1969-09-01,0.06230529595015576
1969-10-01,0.061274509803921566
1969-11-01,0.060459492140266025
1969-12-01,0.06345177664974619
1970-01-01,0.06345177664974619
1970-02-01,0.06514657980456026
1970-03-01,0.06349206349206349
1970-04-01,0.06506180871828238
1970-05-01,0.07304601899196494
1970-06-01,0.07304601899196494
1970-07-01,0.07220216606498195
1970-08-01,0.06949270326615706
1970-09-01,0.06489292667099286
1970-10-01,0.06261740763932373
1970-11-01,0.061766522544780725
1970-12-01,0.05698005698005698
1971-01-01,0.05518763796909492
1971-02-01,0.053447354355959376
1971-03-01,0.052410901467505246
1971-04-01,0.05099439061703213
1971-05-01,0.052029136316337155
1971-06-01,0.05336179295624333
1971-07-01,0.05411255411255411
1971-08-01,0.05546311702717693
1971-09-01,0.05461496450027308
1971-10-01,0.056753688989784334
1971-11-01,0.060459492140266025
1971-12-01,0.0574712643678161
1972-01-01,0.05552470849528039
1972-02-01,0.054884742041712405
1972-03-01,0.05393743257820928
1972-04-01,0.05387931034482759
1972-05-01,0.054945054945054944
1972-06-01,0.055279159756771695
1972-07-01,0.056211354693648116
1972-08-01,0.0547945205479452
1972-09-01,0.05611672278338945
1972-10-01,0.056882821387940846
1972-11-01,0.05497526113249038
1972-12-01,0.0546448087431694
1973-01-01,0.055279159756771695
1973-02-01,0.058445353594389245
1973-03-01,0.060496067755595885
1973-04-01,0.06293266205160478
1973-05-01,0.06609385327164573
1973-06-01,0.06896551724137931
1973-07-01,0.06978367062107467
1973-08-01,0.07262164124909223
1973-09-01,0.07283321194464676
1973-10-01,0.07147962830593281
1973-11-01,0.07849293563579278
1973-12-01,0.08605851979345956
1974-01-01,0.08561643835616438
1974-02-01,0.08873114463176575
1974-03-01,0.08576329331046312
1974-04-01,0.09182736455463728
1974-05-01,0.09606147934678194
1974-06-01,0.09737098344693282
1974-07-01,0.111731843575419
1974-08-01,0.11820330969267138
1974-09-01,0.1336898395721925
1974-10-01,0.13020833333333334
1974-11-01,0.125
1974-12-01,0.13262599469496023
1975-01-01,0.12048192771084336
1975-02-01,0.1072961373390558
1975-03-01,0.10090817356205853
1975-04-01,0.09784735812133072
1975-05-01,0.09017132551848513
1975-06-01,0.08613264427217916
1975-07-01,0.08532423208191126
1975-08-01,0.09132420091324202
1975-09-01,0.09165902841429881
1975-10-01,0.08833922261484099
1975-11-01,0.0876424189307625
1975-12-01,0.08976660682226212
1976-01-01,0.08460236886632826
1976-02-01,0.08375209380234507
1976-03-01,0.0856898029134533
1976-04-01,0.08688097306689835
1976-05-01,0.08944543828264759
1976-06-01,0.09082652134423251
1976-07-01,0.08976660682226212
1976-08-01,0.09149130832570906
1976-09-01,0.09049773755656108
1976-10-01,0.09487666034155598
1976-11-01,0.09671179883945842
1976-12-01,0.0946073793755913
1977-01-01,0.09606147934678194
1977-02-01,0.0992063492063492
1977-03-01,0.1002004008016032
1977-04-01,0.10288065843621398
1977-05-01,0.10438413361169102
1977-06-01,0.10493179433368312
1977-07-01,0.10493179433368312
1977-08-01,0.10857763300760043
1977-09-01,0.11123470522803114
1977-10-01,0.1149425287356322
1977-11-01,0.11481056257175659
1977-12-01,0.1160092807424594
1978-01-01,0.12077294685990339
1978-02-01,0.12254901960784313
1978-03-01,0.12300123001230011
1978-04-01,0.11890606420927467
1978-05-01,0.11428571428571428
1978-06-01,0.1149425287356322
1978-07-01,0.11668611435239207
1978-08-01,0.11025358324145534
1978-09-01,0.11135857461024498
1978-10-01,0.11750881316098707
1978-11-01,0.12755102040816327
1978-12-01,0.12836970474967907
1979-01-01,0.12690355329949238
1979-02-01,0.1321003963011889
1979-03-01,0.13280212483399734
1979-04-01,0.13245033112582782
1979-05-01,0.13793103448275862
1979-06-01,0.13755158184319122
1979-07-01,0.1383125864453665
1979-08-01,0.1342281879194631
1979-09-01,0.1347708894878706
1979-10-01,0.14064697609001406
1979-11-01,0.14265335235378032
1979-12-01,0.13793103448275862
1980-01-01,0.13531799729364005
1980-02-01,0.1314060446780552
1980-03-01,0.14598540145985403
1980-04-01,0.14727540500736377
1980-05-01,0.13986013986013984
1980-06-01,0.1303780964797914
1980-07-01,0.12391573729863692
1980-08-01,0.11933174224343675
1980-09-01,0.11574074074074073
1980-10-01,0.11286681715575622
1980-11-01,0.1088139281828074
1980-12-01,0.11098779134295228
1981-01-01,0.11086474501108648
1981-02-01,0.11415525114155252
1981-03-01,0.10940919037199125
1981-04-01,0.10952902519167579
1981-05-01,0.11286681715575622
1981-06-01,0.11350737797956867
1981-07-01,0.11695906432748537
1981-08-01,0.117096018735363
1981-09-01,0.12903225806451613
1981-10-01,0.1277139208173691
1981-11-01,0.12468827930174564
1981-12-01,0.12406947890818858
1982-01-01,0.129366106080207
1982-02-01,0.13089005235602094
1982-03-01,0.1336898395721925
1982-04-01,0.12547051442910917
1982-05-01,0.12360939431396786
1982-06-01,0.12919896640826872
1982-07-01,0.1277139208173691
1982-08-01,0.12547051442910917
1982-09-01,0.1107419712070875
1982-10-01,0.0999000999000999
1982-11-01,0.09372071227741331
1982-12-01,0.09066183136899365
1983-01-01,0.08710801393728222
1983-02-01,0.0851063829787234
1983-03-01,0.08176614881439084
1983-04-01,0.0791139240506329
1983-05-01,0.07639419404125286
1983-06-01,0.075642965204236
1983-07-01,0.07680491551459294
1983-08-01,0.08045052292839903
1983-09-01,0.07955449482895784
1983-10-01,0.08077544426494346
1983-11-01,0.08347245409015025
1983-12-01,0.08532423208191126
1984-01-01,0.08680555555555555
1984-02-01,0.09442870632672333
1984-03-01,0.09699321047526673
1984-04-01,0.09881422924901187
1984-05-01,0.10141987829614606
1984-06-01,0.10582010582010583
1984-07-01,0.1079913606911447
1984-08-01,0.1
1984-09-01,0.09970089730807578
1984-10-01,0.1006036217303823
1984-11-01,0.0999000999000999
1984-12-01,0.10111223458038422
1985-01-01,0.09652509652509653
1985-02-01,0.09107468123861566
1985-03-01,0.09132420091324202
1985-04-01,0.08928571428571429
1985-05-01,0.08583690987124463
1985-06-01,0.08264462809917356
1985-07-01,0.08045052292839903
1985-08-01,0.08156606851549755
1985-09-01,0.0827129859387924
1985-10-01,0.08071025020177562
1985-11-01,0.07501875468867217
1985-12-01,0.07047216349541931
1986-01-01,0.0700280112044818
1986-02-01,0.06631299734748011
1986-03-01,0.0625
1986-04-01,0.061274509803921566
1986-05-01,0.06142506142506142
1986-06-01,0.05995203836930456
1986-07-01,0.06142506142506142
1986-08-01,0.060422960725075525
1986-09-01,0.06230529595015576
1986-10-01,0.06203473945409429
1986-11-01,0.05959475566150178
1986-12-01,0.05824111822947
1987-01-01,0.05552470849528039
1987-02-01,0.053022269353128315
1987-03-01,0.05162622612287041
1987-04-01,0.05141388174807198
1987-05-01,0.050658561296859174
1987-06-01,0.04784688995215311
1987-07-01,0.04805382027871216
1987-08-01,0.046685340802987856
1987-09-01,0.049776007964161276
1987-10-01,0.0585480093676815
1987-11-01,0.06920415224913495
1987-12-01,0.07262164124909223
1988-01-01,0.07132667617689016
1988-02-01,0.07062146892655367
1988-03-01,0.06997900629811057
1988-04-01,0.07468259895444361
1988-05-01,0.08058017727639001
1988-06-01,0.08006405124099279
1988-07-01,0.0818330605564648
1988-08-01,0.08488964346349746
1988-09-01,0.08481764206955048
1988-10-01,0.0831946755407654
1988-11-01,0.08643042350907519
1988-12-01,0.0859106529209622
1989-01-01,0.08460236886632826
1989-02-01,0.0835421888053467
1989-03-01,0.08525149190110827
1989-04-01,0.08285004142502071
1989-05-01,0.08006405124099279
1989-06-01,0.0778816199376947
1989-07-01,0.07446016381236038
1989-08-01,0.06983240223463687
1989-09-01,0.06821282401091405
1989-10-01,0.0673854447439353
1989-11-01,0.06802721088435375
1989-12-01,0.06561679790026247
1990-01-01,0.06609385327164573
1990-02-01,0.0668002672010688
1990-03-01,0.06402048655569782
1990-04-01,0.06369426751592357
1990-05-01,0.06108735491753207
1990-06-01,0.058997050147492625
1990-07-01,0.0594883997620464
1990-08-01,0.06523157208088715
1990-09-01,0.06891798759476224
1990-10-01,0.07037297677691766
1990-11-01,0.0681198910081744
1990-12-01,0.06489292667099286
1991-01-01,0.06514657980456026
1991-02-01,0.05817335660267597
1991-03-01,0.056242969628796394
1991-04-01,0.053821313240043064
1991-05-01,0.05268703898840885
1991-06-01,0.051308363263211906
1991-07-01,0.04965243296921549
1991-08-01,0.047125353440150806
1991-09-01,0.046019328117809476
1991-10-01,0.0444642063139173
1991-11-01,0.04297378599054577
1991-12-01,0.04110152075626799
1992-01-01,0.03856536829926726
1992-02-01,0.0390625
1992-03-01,0.0397456279809221
1992-04-01,0.040436716538617065
1992-05-01,0.04040404040404041
1992-06-01,0.04175365344467641
1992-07-01,0.04187604690117253
1992-08-01,0.0423728813559322
1992-09-01,0.04310344827586207
1992-10-01,0.04458314757021846
1992-11-01,0.044326241134751775
1992-12-01,0.04382120946538125
1993-01-01,0.044444444444444446
1993-02-01,0.044345898004434586
1993-03-01,0.04407227853680035
1993-04-01,0.044385264092321346
1993-05-01,0.043802014892685065
1993-06-01,0.04314063848144953
1993-07-01,0.04401408450704226
1993-08-01,0.04415011037527594
1993-09-01,0.044444444444444446
1993-10-01,0.04506534474988733
1993-11-01,0.04623208506703653
1993-12-01,0.046970408642555195
1994-01-01,0.046860356138706656
1994-02-01,0.04757373929590866
1994-03-01,0.04897159647404505
1994-04-01,0.05263157894736842
1994-05-01,0.05405405405405406
1994-06-01,0.055401662049861494
1994-07-01,0.057405281285878296
1994-08-01,0.0573394495412844
1994-09-01,0.058513750731421885
1994-10-01,0.061274509803921566
1994-11-01,0.06402048655569782
1994-12-01,0.06720430107526881
1995-01-01,0.0671591672263264
1995-02-01,0.06618133686300463
1995-03-01,0.066006600660066
1995-04-01,0.06531678641410843
1995-05-01,0.06451612903225806
1995-06-01,0.06381620931716656
1995-07-01,0.06222775357809583
1995-08-01,0.062460961898813235
1995-09-01,0.060790273556231005
1995-10-01,0.059665871121718374
1995-11-01,0.05770340450086556
1995-12-01,0.055248618784530384
1996-01-01,0.05530973451327434
1996-02-01,0.05235602094240837
1996-03-01,0.052603892688058915
1996-04-01,0.05305039787798408
1996-05-01,0.05235602094240837
1996-06-01,0.05221932114882507
1996-07-01,0.054764512595837894
1996-08-01,0.05376344086021505
1996-09-01,0.05333333333333334
1996-10-01,0.05263157894736842
1996-11-01,0.05141388174807198
1996-12-01,0.05211047420531526
1997-01-01,0.05120327700972862
1997-02-01,0.049776007964161276
1997-03-01,0.05078720162519045
1997-04-01,0.05279831045406547
1997-05-01,0.04854368932038835
1997-06-01,0.04627487274409996
1997-07-01,0.043859649122807015
1997-08-01,0.043802014892685065
1997-09-01,0.04336513443191674
1997-10-01,0.04240882103477524
1997-11-01,0.042625745950554135
1997-12-01,0.041271151465125874
1998-01-01,0.04116920543433512
1998-02-01,0.03868471953578336
1998-03-01,0.03672420124862284
1998-04-01,0.035385704175513094
1998-05-01,0.0353356890459364
1998-06-01,0.035161744022503515
1998-07-01,0.033444816053511704
1998-08-01,0.03571428571428571
1998-09-01,0.03731343283582089
1998-10-01,0.03676470588235294
1998-11-01,0.03305785123966942
1998-12-01,0.031685678073510776
1999-01-01,0.030376670716889428
1999-02-01,0.030609121518212427
1999-03-01,0.029949086552860136
1999-04-01,0.029411764705882353
1999-05-01,0.030129557095510698
1999-06-01,0.031017369727047144
1999-07-01,0.03041362530413625
1999-08-01,0.03237293622531563
1999-09-01,0.03334444814938313
1999-10-01,0.034891835310537335
1999-11-01,0.03362474781439139
1999-12-01,0.033715441672285906
2000-01-01,0.03443526170798898
2000-02-01,0.03602305475504323
2000-03-01,0.03532320734722713
2000-04-01,0.03508771929824561
2000-05-01,0.03637686431429611
2000-06-01,0.03551136363636364
2000-07-01,0.035650623885918005
2000-08-01,0.03575259206292456
2000-09-01,0.036576444769568395
2000-10-01,0.03773584905660377
2000-11-01,0.03717472118959108
2000-12-01,0.037565740045078885
2001-01-01,0.036297640653357534
2001-02-01,0.03595828838547285
2001-03-01,0.038314176245210725
2001-04-01,0.035765379113018594
2001-05-01,0.031230480949406617
2001-06-01,0.0297000297000297
2001-07-01,0.02820078962210942
2001-08-01,0.02642007926023778
2001-09-01,0.02710027100271003
2001-10-01,0.025176233635448138
2001-11-01,0.02292526364053187
2001-12-01,0.021565667457407806
2002-01-01,0.021659085986571364
2002-02-01,0.02243661655822302
2002-03-01,0.021408691928923144
2002-04-01,0.022825838849577722
2002-05-01,0.02414875633904854
2002-06-01,0.026371308016877634
2002-07-01,0.030807147258163893
2002-08-01,0.03171582619727244
2002-09-01,0.03461405330564209
2002-10-01,0.03419972640218878
2002-11-01,0.031220730565095223
2002-12-01,0.030684258975145748
2003-01-01,0.03181673560292714
2003-02-01,0.035137034434293744
2003-03-01,0.03581661891117478
2003-04-01,0.035650623885918005
2003-05-01,0.03541076487252125
2003-06-01,0.03496503496503496
2003-07-01,0.03616636528028933
2003-08-01,0.03763643206624012
2003-09-01,0.037850113550340646
2003-10-01,0.04040404040404041
2003-11-01,0.04319654427645789
2003-12-01,0.04510599909788002
2004-01-01,0.04399472063352398
2004-02-01,0.04452359750667854
2004-03-01,0.04627487274409996
2004-04-01,0.047103155911446065
2004-05-01,0.04965243296921549
2004-06-01,0.04957858205255329
2004-07-01,0.05125576627370579
2004-08-01,0.05254860746190226
2004-09-01,0.05167958656330749
2004-10-01,0.05194805194805195
2004-11-01,0.04987531172069825
2004-12-01,0.048828125
2005-01-01,0.05002501250625313
2005-02-01,0.04972650422675286
2005-03-01,0.05040322580645162
2005-04-01,0.052576235541535225
2005-05-01,0.05282620179609086
2005-06-01,0.05263157894736842
2005-07-01,0.05263157894736842
2005-08-01,0.05341880341880342
2005-09-01,0.054229934924078085
2005-10-01,0.056689342403628114
2005-11-01,0.05552470849528039
2005-12-01,0.05534034311012728
2006-01-01,0.05534034311012728
2006-02-01,0.056179775280898875
2006-03-01,0.056179775280898875
2006-04-01,0.056274620146314014
2006-05-01,0.0572737686139748
2006-06-01,0.059453032104637336
2006-07-01,0.060204695966285374
2006-08-01,0.05998800239952009
2006-09-01,0.05963029218843172
2006-10-01,0.058343057176196034
2006-11-01,0.0580046403712297
2006-12-01,0.057537399309551214
2007-01-01,0.0576036866359447
2007-02-01,0.057175528873642086
2007-03-01,0.05910165484633569
2007-04-01,0.05720823798627002
2007-05-01,0.055803571428571425
2007-06-01,0.05608524957936063
2007-07-01,0.054466230936819175
2007-08-01,0.05549389567147614
2007-09-01,0.05249343832020997
2007-10-01,0.04835589941972921
2007-11-01,0.04805382027871216
2007-12-01,0.04474272930648769
2008-01-01,0.046598322460391424
2008-02-01,0.04599816007359706
2008-03-01,0.04585052728106374
2008-04-01,0.04187604690117253
2008-05-01,0.03874467260751647
2008-06-01,0.038299502106472615
2008-07-01,0.039416633819471816
2008-08-01,0.03727171077152441
2008-09-01,0.0377643504531722
2008-10-01,0.036737692872887584
2008-11-01,0.028579594169762787
2008-12-01,0.0169548999660902
2009-01-01,0.01410238330277817
2009-02-01,0.011839924224484964
2009-03-01,0.00906043308870164
2009-04-01,0.008343763037129746
2009-05-01,0.008082114281095934
2009-06-01,0.008108984755108661
2009-07-01,0.009816432708353784
2009-08-01,0.010758472296933835
2009-09-01,0.012004801920768308
2009-10-01,0.023741690408357077
2009-11-01,0.035075412136092596
2009-12-01,0.04591368227731864
2010-01-01,0.04830917874396135
2010-02-01,0.052882072977260705
2010-03-01,0.052882072977260705
2010-04-01,0.052603892688058915
2010-05-01,0.057803468208092484
2010-06-01,0.061919504643962855
2010-07-01,0.06361323155216285
2010-08-01,0.06464124111182934
2010-09-01,0.06406149903907751
2010-10-01,0.06289308176100629
2010-11-01,0.06297229219143577
2010-12-01,0.06230529595015576
2011-01-01,0.06134969325153374
2011-02-01,0.06053268765133172
2011-03-01,0.06234413965087282
2011-04-01,0.061690314620604564
2011-05-01,0.06203473945409429
2011-06-01,0.06514657980456026
2011-07-01,0.06406149903907751
2011-08-01,0.07251631617113852
2011-09-01,0.07407407407407407
2011-10-01,0.07204610951008646
2011-11-01,0.07092198581560284
2011-12-01,0.06993006993006992
2012-01-01,0.06724949562878278
2012-02-01,0.06506180871828238
2012-03-01,0.06373486297004462
2012-04-01,0.06369426751592357
2012-05-01,0.0657030223390276
2012-06-01,0.06644518272425248
2012-07-01,0.06430868167202572
2012-08-01,0.06195786864931846
2012-09-01,0.059916117435590166
2012-10-01,0.06016847172081829
2012-11-01,0.06203473945409429
2012-12-01,0.0608272506082725
2013-01-01,0.05871990604815032
2013-02-01,0.057736720554272515
2013-03-01,0.05656108597285068
2013-04-01,0.05652911249293386
2013-05-01,0.0547945205479452
2013-06-01,0.056179775280898875
2013-07-01,0.05518763796909492
2013-08-01,0.05583472920156337
2013-09-01,0.055928411633109625
2013-10-01,0.055991041433370664
2013-11-01,0.05509641873278237
2013-12-01,0.05543237250554324
2014-01-01,0.05509641873278237
2014-02-01,0.05537098560354375
2014-03-01,0.05411255411255411
2014-04-01,0.0544959128065395
2014-05-01,0.05417118093174431
2014-06-01,0.05296610169491526
2014-07-01,0.05274261603375527
2014-08-01,0.05353319057815846
2014-09-01,0.053163211057947905
2014-10-01,0.05405405405405406
2014-11-01,0.05063291139240506
2014-12-01,0.04980079681274901
2015-01-01,0.04995004995004995
2015-02-01,0.04814636494944632
2015-03-01,0.047709923664122134
2015-04-01,0.046685340802987856
2015-05-01,0.04562043795620438
2015-06-01,0.045207956600361664
2015-07-01,0.044642857142857144
2015-08-01,0.045146726862302484
2015-09-01,0.046620046620046623
2015-10-01,0.04409171075837742
2015-11-01,0.042247570764681025
2015-12-01,0.04212299915754002
2016-01-01,0.04508566275924256
2016-02-01,0.045413260672116255
2016-03-01,0.04275331338178709
2016-04-01,0.04171881518564873
2016-05-01,0.041999160016799666
2016-06-01,0.04171881518564873
2016-07-01,0.040783034257748776
2016-08-01,0.0407000407000407
2016-09-01,0.04128819157720892
2016-10-01,0.04242681374628765
2016-11-01,0.042826552462526764
2016-12-01,0.04208754208754208
2017-01-01,0.0423908435777872
2017-02-01,0.04222972972972973
2017-03-01,0.0423728813559322
2017-04-01,0.04302925989672978
2017-05-01,0.0429000429000429
2017-06-01,0.042735042735042736
2017-07-01,0.04280821917808219
2017-08-01,0.04317789291882556
2017-09-01,0.0429553264604811
2017-10-01,0.042247570764681025
2017-11-01,0.041999160016799666
2017-12-01,0.041237113402061855
2018-01-01,0.040048057669203045
2018-02-01,0.041981528127623846
2018-03-01,0.042716787697565144
2018-04-01,0.044385264092321346
2018-05-01,0.0444642063139173
2018-06-01,0.0444642063139173
2018-07-01,0.04478280340349306
2018-08-01,0.044702726866338846
2018-09-01,0.0449438202247191
2018-10-01,0.047058823529411764
2018-11-01,0.04837929366231253
2018-12-01,0.05157297576070139
2019-01-01,0.0510204081632653
2019-02-01,0.04854368932038835
2019-03-01,0.04793863854266539
2019-04-01,0.0463821892393321
2019-05-01,0.047281323877068564
2019-06-01,0.04679457182966776
2019-07-01,0.04488330341113106
2019-08-01,0.046146746654360866
2019-09-01,0.044563279857397504
2019-10-01,0.045372050816696916
2019-11-01,0.044208664898320066
2019-12-01,0.043898156277436345
2020-01-01,0.04019292604501608
2020-02-01,0.037850113550340646
2020-03-01,0.043859649122807015
2020-04-01,0.040048057669203045
2020-05-01,0.035945363048166784
2020-06-01,0.03195909236177693
2020-07-01,0.03082614056720099
2020-08-01,0.029061319383900032
2020-09-01,0.02918004085205719
2020-10-01,0.028328611898017
2020-11-01,0.026910656620021532
2020-12-01,0.02547121752419766
2021-01-01,0.027808676307007785
2021-02-01,0.030084235860409144
2021-03-01,0.03278688524590164
2021-04-01,0.03342245989304812
2021-05-01,0.035650623885918005
2021-06-01,0.03745318352059925
2021-07-01,0.03765060240963856
2021-08-01,0.03812428516965307
2021-09-01,0.03944773175542406
2021-10-01,0.04100041000410004
2021-11-01,0.040783034257748776
2021-12-01,0.04231908590774439
2022-01-01,0.043271311120726956
2022-02-01,0.04460303300624442
2022-03-01,0.04506534474988733
2022-04-01,0.044642857142857144
2022-05-01,0.04805382027871216
2022-06-01,0.049309664694280074
2022-07-01,0.04870920603994155
2022-08-01,0.04539264639128461
2022-09-01,0.04859086491739553
2022-10-01,0.04892367906066536
2022-11-01,0.04531037607612143
2022-12-01,0.04415011037527594
2023-01-01,0.04361098996947231
2023-02-01,0.04233700254022015
2023-03-01,0.043535045711798
2023-04-01,0.041911148365465216
2023-05-01,0.041666666666666664
2023-06-01,0.04093327875562833
