Date,SP500_Div_Reinvest_Month
1871-02-01,4.5
1871-03-01,4.632204833333334
1871-04-01,4.7852163057
1871-05-01,4.928807623977022
1871-06-01,4.910034715240499
1871-07-01,4.839996007219868
1871-08-01,4.923856015558492
1871-09-01,4.997766280981178
1871-10-01,4.760826983172837
1871-11-01,4.835387687884756
1871-12-01,4.962650089704689
1872-01-01,5.11156571295028
1872-02-01,5.155783210479782
1872-03-01,5.3490976115359965
1872-04-01,5.522239976632362
1872-05-01,5.546537832529545
1872-06-01,5.517443671773449
1872-07-01,5.510135478839785
1872-08-01,5.470494915953779
1872-09-01,5.398283569001446
1872-10-01,5.44656294542844
1872-11-01,5.451316359266628
1872-12-01,5.611340301630916
1873-01-01,5.683512246438769
1873-02-01,5.756259720215431
1873-03-01,5.739727891328351
1873-04-01,5.6895013409587545
1873-05-01,5.730006583020317
1873-06-01,5.679728328227545
1873-07-01,5.698223656413645
1873-08-01,5.728566697384047
1873-09-01,5.318960346971718
1873-10-01,4.883879143948093
1873-11-01,4.739490384760299
1873-12-01,5.2203279127472815
1874-01-01,5.538045691325625
1874-02-01,5.738080852433764
1874-03-01,5.686819069574008
1874-04-01,5.562690918029316
1874-05-01,5.4499472659272055
1874-06-01,5.4589394761649706
1874-07-01,5.492602936267988
1874-08-01,5.538865184990165
1874-09-01,5.660201027893839
1874-10-01,5.6819494776253014
1874-11-01,5.766896085658197
1874-12-01,5.763508717738589
1875-01-01,5.798425974720222
1875-02-01,5.820416249792082
1875-03-01,5.932745465187697
1875-04-01,6.045508020811838
1875-05-01,5.844807555394899
1875-06-01,5.761012366986067
1875-07-01,5.808762237392577
1875-08-01,5.869848186698151
1875-09-01,5.850682555588337
1875-10-01,5.790738720281959
1875-11-01,5.919777140339284
1875-12-01,5.953914521848574
1876-01-01,6.111272713210953
1876-02-01,6.228222284731503
1876-03-01,6.248829616665631
1876-04-01,6.046609777376421
1876-05-01,5.857228055070643
1876-06-01,5.849984756500947
1876-07-01,5.81432451809671
1876-08-01,5.607239550681074
1876-09-01,5.298288142025733
1876-10-01,5.3052724775527915
1876-11-01,5.239513119241108
1876-12-01,5.246573605739337
1877-01-01,5.2389394503367575
1877-02-01,4.962670988271809
1877-03-01,4.743168261594972
1877-04-01,4.4305530739309225
1877-05-01,4.463634536882941
1877-06-01,4.17468062375276
1877-07-01,4.390760487191809
1877-08-01,4.731267172593773
1877-09-01,5.057121177033846
1877-10-01,5.195268642549505
1877-11-01,5.143610773231772
1877-12-01,5.153942041547383
1878-01-01,5.1790675089999265
1878-02-01,5.0920958267111
1878-03-01,5.21376809378557
1878-04-01,5.384450206083588
1878-05-01,5.4258676234420635
1878-06-01,5.565250148432719
1878-07-01,5.705192525112385
1878-08-01,5.680943407601734
1878-09-01,5.821857150514465
1878-10-01,5.78054511985948
1878-11-01,5.789007472478193
1878-12-01,5.780630511737219
1879-01-01,6.02454463506624
1879-02-01,6.26974304076887
1879-03-01,6.193738601827438
1879-04-01,6.424397245417534
1879-05-01,6.741787178561335
1879-06-01,6.803000552806475
1879-07-01,6.96819664703826
1879-08-01,7.047727946743756
1879-09-01,7.3363976308359655
1879-10-01,8.167423726261783
1879-11-01,8.633830740783596
1879-12-01,8.645182564487808
1880-01-01,9.009495155633585
1880-02-01,9.19881209460842
1880-03-01,9.407277225365275
1880-04-01,9.225389590997132
1880-05-01,8.525281809741164
1880-06-01,8.594700599890338
1880-07-01,9.025404552290686
1880-08-01,9.386212213309076
1880-09-01,9.404194315050294
1880-10-01,9.714658146962515
1880-11-01,10.264959356533861
1880-12-01,10.726321400863208
1881-01-01,11.411326662636899
1881-02-01,11.415025358123296
1881-03-01,11.58666885773841
1881-04-01,11.59197662904127
1881-05-01,12.159228700820119
1881-06-01,12.35380816109292
1881-07-01,11.965801425325127
1881-08-01,11.728416884450272
1881-09-01,11.870686995178987
1881-10-01,11.728257744336032
1881-11-01,11.854118159719885
1881-12-01,11.558229444145391
1882-01-01,11.435618617944337
1882-02-01,11.234922062430165
1882-03-01,11.267202897649096
1882-04-01,11.319219817693243
1882-05-01,11.23376003446008
1882-06-01,11.226887307947461
1882-07-01,11.915028296725966
1882-08-01,12.326989407166241
1882-09-01,12.500397036794302
1882-10-01,12.211824670055842
1882-11-01,11.740081245971218
1882-12-01,11.854886173570234
1883-01-01,11.847846996580298
1883-02-01,11.636029515818029
1883-03-01,11.834990938928506
1883-04-01,12.138465320278982
1883-05-01,11.986463438955095
1883-06-01,12.146955329059663
1883-07-01,12.01472570219536
1883-08-01,11.523939708607209
1883-09-01,11.708305363231473
1883-10-01,11.44691444658215
1883-11-01,11.676182525799893
1883-12-01,11.47694643435485
1884-01-01,11.19040318913622
1884-02-01,11.553567057678793
1884-03-01,11.569026106833975
1884-04-01,11.101567965200072
1884-05-01,10.256359632007639
1884-06-01,9.894010901272305
1884-07-01,9.953127616407407
1884-08-01,10.640926672631537
1884-09-01,10.361548469365223
1884-10-01,10.080233557130942
1884-11-01,9.934007736673527
1884-12-01,9.970390183629117
1885-01-01,9.798614604179738
1885-02-01,10.159385612391873
1885-03-01,10.240589790823918
1885-04-01,10.274085248100922
1885-05-01,10.212055164534355
1885-06-01,10.219836340826774
1885-07-01,10.656643237328964
1885-08-01,11.310633786781787
1885-09-01,11.218566788672875
1885-10-01,11.924767123937302
1885-11-01,12.754549943687744
1885-12-01,12.706655472747803
1886-01-01,12.755576096317881
1886-02-01,13.050495645311496
1886-03-01,12.827240446953505
1886-04-01,12.702003081264095
1886-05-01,12.501241968500771
1886-06-01,13.124342965720594
1886-07-01,13.37296676905093
1886-08-01,13.521381610193457
1886-09-01,13.922684214164443
1886-10-01,14.324976510668458
1886-11-01,14.728253122627093
1886-12-01,14.392482020047877
1887-01-01,14.285648463351192
1887-02-01,14.230401662094046
1887-03-01,14.613604031472565
1887-04-01,14.998613648091277
1887-05-01,15.30768637298355
1887-06-01,14.915429504198961
1887-07-01,14.600719581584258
1887-08-01,14.285464405317457
1887-09-01,14.153688641304612
1887-10-01,13.731559700705802
1887-11-01,14.050560997002824
1887-12-01,14.025400109541982
1888-01-01,14.187675585629131
1888-02-01,14.162538551371204
1888-03-01,13.679106914257602
1888-04-01,13.788122395246521
1888-05-01,14.032931184262477
1888-06-01,13.651677886956346
1888-07-01,14.061819977932528
1888-08-01,14.418289850135759
1888-09-01,14.830844725990822
1888-10-01,14.801852675825957
1888-11-01,14.550189824387324
1888-12-01,14.325084874268974
1889-01-01,14.658182115336631
1889-02-01,14.88001533230189
1889-03-01,14.623519664236307
1889-04-01,14.648616328908625
1889-05-01,15.099437394144527
1889-06-01,15.40913291001067
1889-07-01,15.148155556079447
1889-08-01,15.402328030133312
1889-09-01,15.829883653663764
1889-10-01,15.594522065340428
1889-11-01,15.503045032086309
1889-12-01,15.469169188328037
1890-01-01,15.697604038065673
1890-02-01,15.575443805104511
1890-03-01,15.511666461523609
1890-04-01,15.889852200445679
1890-05-01,16.624228694313697
1890-06-01,16.559688528163004
1890-07-01,16.494962304740888
1890-08-01,16.161186692880623
1890-09-01,15.946232952264143
1890-10-01,15.279386668463014
1890-11-01,14.21763547337362
1890-12-01,13.939626868057573
1891-01-01,14.725334946593527
1891-02-01,14.96440613440156
1891-03-01,14.744513093641132
1891-04-01,15.29299493103262
1891-05-01,15.287683153869704
1891-06-01,15.03426278191197
1891-07-01,14.842216349075024
1891-08-01,15.398999899503528
1891-09-01,16.710288252710548
1891-10-01,16.76779949478029
1891-11-01,16.572968203511792
1891-12-01,17.13767999414904
1892-01-01,17.513657515643597
1892-02-01,17.60421997116732
1892-03-01,17.85563023763056
1892-04-01,17.8834885940606
1892-05-01,17.94414342620879
1892-06-01,17.908475279954956
1892-07-01,17.9704087569648
1892-08-01,18.293410094964763
1892-09-01,17.899391090876033
1892-10-01,18.323960238030082
1892-11-01,18.32276131344027
1892-12-01,18.19003587970821
1893-01-01,18.587453500272076
1893-02-01,18.321391995082152
1893-03-01,17.720961574307566
1893-04-01,17.78844890296972
1893-05-01,16.27583668125707
1893-06-01,15.567637420208698
1893-07-01,14.178019787855801
1893-08-01,13.906642991878106
1893-09-01,14.970201517595905
1893-10-01,15.488249280639028
1893-11-01,15.801531819755102
1893-12-01,15.31755804279101
1894-01-01,15.075853228940277
1894-02-01,15.357972346719764
1894-03-01,15.886941413103488
1894-04-01,16.169666737596355
1894-05-01,15.63537188526478
1894-06-01,15.49027681866739
1894-07-01,15.236046517001569
1894-08-01,15.879860002385959
1894-09-01,16.199944206963153
1894-10-01,15.757909323092997
1894-11-01,15.823435962694859
1894-12-01,15.741745347731538
1895-01-01,15.621973851151704
1895-02-01,15.464317503672309
1895-03-01,15.527850074749896
1895-04-01,16.260911909027605
1895-05-01,17.220431296506213
1895-06-01,17.62070359923444
1895-07-01,17.758504999552194
1895-08-01,18.084949212748413
1895-09-01,18.260545008251775
1895-10-01,18.056084678705282
1895-11-01,17.507057113160876
1895-12-01,16.534625909432208
1896-01-01,16.40317818509202
1896-02-01,17.15775479343154
1896-03-01,16.94738722480075
1896-04-01,17.16315558084229
1896-05-01,17.14557823146161
1896-06-01,16.89303945100148
1896-07-01,15.854466856136252
1896-08-01,15.008678141837192
1896-09-01,15.859853040986033
1896-10-01,16.277294788057123
1896-11-01,17.453108997503826
1896-12-01,16.873426030980454
1897-01-01,16.933467305274025
1897-02-01,16.832644290639696
1897-03-01,16.933515656562328
1897-04-01,16.46692792265392
1897-05-01,16.609135663250992
1897-06-01,17.446481370390533
1897-07-01,18.28687197687325
1897-08-01,19.5414976347933
1897-09-01,20.552424561435682
1897-10-01,19.95194778467167
1897-11-01,19.308078353530284
1897-12-01,19.786913506354185
1898-01-01,20.39265410805137
1898-02-01,20.413953566655618
1898-03-01,19.55283683540345
1898-04-01,19.28017848269121
1898-05-01,20.61586277022597
1898-06-01,21.489257818061464
1898-07-01,21.641614957235966
1898-08-01,22.521579139004114
1898-09-01,22.547591491683924
1898-10-01,22.144315743891397
1898-11-01,22.948112840012353
1898-12-01,24.447341018065572
1899-01-01,26.385543521829856
1899-02-01,27.458985981366606
1899-03-01,27.924903905149755
1899-04-01,28.348419979001232
1899-05-01,27.23832341358741
1899-06-01,26.69724976310213
1899-07-01,27.698676649795324
1899-08-01,28.482014044085354
1899-09-01,28.247788176961397
1899-10-01,28.191131480308606
1899-11-01,28.803471165767075
1899-12-01,26.91409721954275
1900-01-01,27.35107500868768
1900-02-01,27.927127881470042
1900-03-01,28.23690913525906
1900-04-01,28.686178958411215
1900-05-01,27.415102211462784
1900-06-01,26.688972681669277
1900-07-01,26.785720207640328
1900-08-01,27.25276077896044
1900-09-01,26.7113377354828
1900-10-01,27.788724959267146
1900-11-01,30.080235930134528
1900-12-01,32.010476082049586
1901-01-01,33.06233279331539
1901-02-01,34.02473154989309
1901-03-01,35.36769865465568
1901-04-01,38.464328263525886
1901-05-01,36.64169126465547
1901-06-01,40.425609514739826
1901-07-01,37.82943129381015
1901-08-01,38.479787434758
1901-09-01,38.41278282977211
1901-10-01,38.105342121062485
1901-11-01,39.05404149422404
1901-12-01,38.55186113826536
1902-01-01,39.50847910004211
1902-02-01,39.980239290675264
1902-03-01,40.160150367483304
1902-04-01,41.6674881478371
1902-05-01,41.701198030200096
1902-06-01,41.58704675134865
1902-07-01,42.66338149800593
1902-08-01,43.94272774021984
1902-09-01,44.17805523036883
1902-10-01,42.91223747103699
1902-11-01,41.391528587943384
1902-12-01,40.57190264766029
1903-01-01,42.783978539780954
1903-02-01,42.67005313246513
1903-03-01,41.131008752323694
1903-04-01,39.58758843498422
1903-05-01,38.96178102623608
1903-06-01,36.945128638993346
1903-07-01,35.38631949794624
1903-08-01,34.39224675231563
1903-09-01,33.7071450701337
1903-10-01,32.75795203861739
1903-11-01,33.01432574866702
1903-12-01,34.698614924287064
1904-01-01,35.436265930783286
1904-02-01,34.63052852935187
1904-03-01,34.67587853840446
1904-04-01,35.68752588989911
1904-05-01,35.08267875965296
1904-06-01,35.28686129936793
1904-07-01,36.90564199616983
1904-08-01,38.310869676090896
1904-09-01,40.15875977106229
1904-10-01,42.672648300025706
1904-11-01,45.13855519120343
1904-12-01,45.726026304627496
1905-01-01,46.87008594022063
1905-02-01,49.07811363453376
1905-03-01,50.62211294849565
1905-04-01,50.151836316005934
1905-05-01,47.82417964000831
1905-06-01,48.53762262733598
1905-07-01,50.216668803936514
1905-08-01,52.24248961544865
1905-09-01,52.5661531331094
1905-10-01,53.46288728345901
1905-11-01,53.33195223630071
1905-12-01,54.81025838623975
1906-01-01,56.869713627931986
1906-02-01,56.62637040886212
1906-03-01,55.400257330215624
1906-04-01,54.81221344293626
1906-05-01,53.52582659377509
1906-06-01,54.40219539024687
1906-07-01,53.17139544197917
1906-08-01,57.29812417974055
1906-09-01,59.25525114297109
1906-10-01,57.66541887147116
1906-11-01,59.04640934685947
1906-12-01,58.704820219836336
1907-01-01,57.227799386251704
1907-02-01,55.626883624669226
1907-03-01,50.343813964972405
1907-04-01,50.79195882048382
1907-05-01,49.23779450006765
1907-06-01,47.86145428027597
1907-07-01,49.91484904385266
1907-08-01,46.374390027581256
1907-09-01,46.09849166035043
1907-10-01,41.28399819250077
1907-11-01,39.070643777608836
1907-12-01,41.310299667827216
1908-01-01,43.311339354743104
1908-02-01,41.9525014071916
1908-03-01,43.90782645317581
1908-04-01,46.51397432057652
1908-05-01,49.26016568196908
1908-06-01,49.552853704405784
1908-07-01,51.604367791670654
1908-08-01,54.055616527894024
1908-09-01,53.68941044941863
1908-10-01,54.573913367054494
1908-11-01,58.508270183400086
1908-12-01,60.06135167457614
1909-01-01,60.483354171699176
1909-02-01,58.965484566087845
1909-03-01,59.99967215914456
1909-04-01,62.93055300566888
1909-05-01,65.26378259676584
1909-06-01,66.65554575014515
1909-07-01,67.84946560229051
1909-08-01,69.73436334695359
1909-09-01,70.04659302205684
1909-10-01,70.56885258320966
1909-11-01,70.47206587278501
1909-12-01,71.55768527851535
1910-01-01,70.27845618087423
1910-02-01,68.01643112117392
1910-03-01,69.96185499789429
1910-04-01,68.5314933016015
1910-05-01,67.66346767298376
1910-06-01,64.66156778487019
1910-07-01,61.64876506610261
1910-08-01,63.42607256244553
1910-09-01,64.13278951333625
1910-10-01,67.37404342051482
1910-11-01,67.58161680005134
1910-12-01,65.96908869328685
1911-01-01,67.86500932237313
1911-02-01,69.3280365312997
1911-03-01,68.8036871971019
1911-04-01,68.79612765035405
1911-05-01,70.57514510043661
1911-06-01,72.28718297687655
1911-07-01,72.2797187832672
1911-08-01,69.1070019033174
1911-09-01,65.61822308582954
1911-10-01,66.2947290539112
1911-11-01,69.2653670996222
1911-12-01,69.871151410642
1912-01-01,70.2486243621048
1912-02-01,69.93182771487184
1912-03-01,72.25609400868511
1912-04-01,74.82466347983765
1912-05-01,75.0543468481343
1912-06-01,75.36394602888286
1912-07-01,75.75444350232883
1912-08-01,77.81259457069638
1912-09-01,78.52594014332902
1912-10-01,78.68273717269433
1912-11-01,78.11825650129184
1912-12-01,75.61701108845264
1913-01-01,75.29197080198287
1913-02-01,72.93258760210641
1913-03-01,71.86936002439157
1913-04-01,72.1137260571904
1913-05-01,70.46390921694174
1913-06-01,67.23296178939779
1913-07-01,68.47936112792033
1913-08-01,70.65150413568624
1913-09-01,71.65797731448323
1913-10-01,69.71534187051535
1913-11-01,68.27187488560666
1913-12-01,68.52572752648567
1914-01-01,71.69325896581884
1914-02-01,72.9792721450442
1914-03-01,71.93286871965886
1914-04-01,70.53074551901403
1914-05-01,71.30035799166275
1914-06-01,71.28060639616403
1914-07-01,67.64604948375425
1914-08-01,67.97244167251337
1914-09-01,68.29701008149962
1914-10-01,68.61914431238404
1914-11-01,68.93936698584184
1914-12-01,66.2811731614527
1915-01-01,67.77445943626573
1915-02-01,67.18210794256578
1915-03-01,69.23963358304569
1915-04-01,74.79939322810354
1915-05-01,73.37002644473357
1915-06-01,74.53082332349653
1915-07-01,74.58005399140266
1915-08-01,78.09042198837503
1915-09-01,81.33446801509741
1915-10-01,86.19599947609882
1915-11-01,89.56247979940096
1915-12-01,90.09139073983154
1916-01-01,89.00134668340276
1916-02-01,88.1064363936358
1916-03-01,88.17845941505986
1916-04-01,87.58317307824974
1916-05-01,89.90383264588412
1916-06-01,91.17156397146549
1916-07-01,90.30162474630676
1916-08-01,91.40197401339421
1916-09-01,95.57747827083936
1916-10-01,98.98712417288237
1916-11-01,101.72325441590885
1916-12-01,98.07612869710354
1917-01-01,96.23006824722378
1917-02-01,91.25113256042323
1917-03-01,94.58552439731397
1917-04-01,93.65695056870064
1917-05-01,90.98698530318427
1917-06-01,93.3716042545738
1917-07-01,91.31222070528231
1917-08-01,89.14517342466667
1917-09-01,85.39638722315073
1917-10-01,81.31418751076919
1917-11-01,75.07840575603709
1917-12-01,73.10208758936716
1918-01-01,78.16531645173112
1918-02-01,81.18338032412085
1918-03-01,80.14232457273792
1918-04-01,79.9716432550441
1918-05-01,83.14304576906008
1918-06-01,83.8514565544154
1918-07-01,85.12268402908207
1918-08-01,86.50749370547477
1918-09-01,86.6282485040212
1918-10-01,90.9038006448421
1918-11-01,93.80025672521474
1918-12-01,92.48984619081533
1919-01-01,92.45742596308409
1919-02-01,93.3691778892459
1919-03-01,96.78617777947396
1919-04-01,100.579462900408
1919-05-01,108.12752601647898
1919-06-01,111.59140095589748
1919-07-01,115.79955085238441
1919-08-01,108.52405238916302
1919-09-01,110.80007317985269
1919-10-01,117.03821670430958
1919-11-01,114.11439627634655
1919-12-01,111.29709105438579
1920-01-01,110.71950032674631
1920-02-01,102.0721568830503
1920-03-01,109.84681035106992
1920-04-01,109.51017485498826
1920-05-01,103.1539666099012
1920-06-01,101.90872161694709
1920-07-01,102.33729475685567
1920-08-01,98.86330369948588
1920-09-01,102.95568077836913
1920-10-01,103.6483226429805
1920-11-01,98.92073586979997
1920-12-01,90.57353174834168
1921-01-01,95.15378936358594
1921-02-01,95.04445618746696
1921-03-01,93.17000719288933
1921-04-01,94.1400687964862
1921-05-01,97.57821124536557
1921-06-01,90.28038547838224
1921-07-01,90.55974928698343
1921-08-01,89.99891678144505
1921-09-01,92.79944005135279
1921-10-01,94.62343106259915
1921-11-01,100.28847232726623
1921-12-01,104.40915187866223
1922-01-01,104.81285060235906
1922-02-01,107.677802189139
1922-03-01,112.30399276131489
1922-04-01,119.72903024827237
1922-05-01,124.99797407126461
1922-06-01,124.40764073182017
1922-07-01,125.89031725278414
1922-08-01,131.25005559569308
1922-09-01,135.29613212552297
1922-10-01,138.9154455266859
1922-11-01,132.61094455108386
1922-12-01,132.94353933010234
1923-01-01,135.41300090363643
1923-02-01,141.87123743362483
1923-03-01,144.82877244086416
1923-04-01,140.3964437470602
1923-05-01,134.39546775225318
1923-06-01,129.9243150045032
1923-07-01,126.21527180177033
1923-08-01,127.5255382198638
1923-09-01,129.0034831123463
1923-10-01,127.78617036742884
1923-11-01,132.3248762777295
1923-12-01,137.53352822072756
1924-01-01,142.7714108735674
1924-02-01,144.13764811940652
1924-03-01,142.083199133204
1924-04-01,139.5283554016637
1924-05-01,139.76699950262753
1924-06-01,143.16198447437145
1924-07-01,150.57897796352444
1924-08-01,156.5270977242763
1924-09-01,155.77064784488343
1924-10-01,154.50449490232927
1924-11-01,163.94940149525257
1924-12-01,173.61247264093365
1925-01-01,181.60442492091707
1925-02-01,183.94901586076642
1925-03-01,179.90253546463646
1925-04-01,178.80036260997065
1925-05-01,185.38740942191345
1925-06-01,189.55329690111918
1925-07-01,195.68236234656732
1925-08-01,199.18943982037993
1925-09-01,204.67263524016076
1925-10-01,212.3284320543688
1925-11-01,219.84437639033266
1925-12-01,224.33563919978226
1926-01-01,228.67130952258043
1926-02-01,229.94897657056902
1926-03-01,215.20705264486986
1926-04-01,210.11235519601473
1926-05-01,212.54451552222838
1926-06-01,223.67929398545343
1926-07-01,234.1346632503386
1926-08-01,244.45969268855436
1926-09-01,249.22652626779148
1926-10-01,244.63040181191988
1926-11-01,248.89427652192435
1926-12-01,255.65196212614757
1927-01-01,255.02774051415113
1927-02-01,261.1026027967765
1927-03-01,266.2544174242694
1927-04-01,273.9450684516479
1927-05-01,284.5816942129084
1927-06-01,289.44182684899397
1927-07-01,297.0646696962598
1927-08-01,314.13621375868223
1927-09-01,333.2528884542456
1927-10-01,329.3494033370226
1927-11-01,338.12699274792897
1927-12-01,347.34399565045004
1928-01-01,350.01816146324046
1928-02-01,347.1018026876534
1928-03-01,367.11710481925104
1928-04-01,391.65866535302234
1928-05-01,405.15473843490355
1928-06-01,386.59291847503613
1928-07-01,390.8210092066523
1928-08-01,404.89992810819757
1928-09-01,434.8557539859009
1928-10-01,445.137822772636
1928-11-01,476.75844561619687
1928-12-01,480.0789565465656
1929-01-01,517.1172070335645
1929-02-01,521.3201780194278
1929-03-01,532.0375320609223
1929-04-01,530.4242776603903
1929-05-01,539.9767265240874
1929-06-01,551.8976439378724
1929-07-01,602.8155728320736
1929-08-01,638.8198159273161
1929-09-01,665.9982564331958
1929-10-01,597.0573298900658
1929-11-01,440.2340788392771
1929-12-01,459.55268253445115
1930-01-01,467.9696959256176
1930-02-01,499.13755005990964
1930-03-01,519.7778613651926
1930-04-01,554.64986809008
1930-05-01,523.1966674734404
1930-06-01,471.90391441903785
1930-07-01,463.5601071894573
1930-08-01,459.38266792863215
1930-09-01,460.96008798758584
1930-10-01,399.0740148594688
1930-11-01,371.80739414297204
1930-12-01,348.6785637431204
1931-01-01,361.13660228526345
1931-02-01,390.66746693792464
1931-03-01,400.00101619955524
1931-04-01,363.51127907856306
1931-05-01,330.04209731764786
1931-06-01,321.1433190354111
1931-07-01,333.5885237170671
1931-08-01,325.2476660717504
1931-09-01,278.26014971591354
1931-10-01,242.55671261004454
1931-11-01,247.5620853233843
1931-12-01,202.4435338976799
1932-01-01,200.69805807282992
1932-02-01,200.590833724776
1932-03-01,202.8856286098401
1932-04-01,155.40377603539918
1932-05-01,137.6402665793138
1932-06-01,120.39223004112529
1932-07-01,127.90808728349559
1932-08-01,194.27007087738517
1932-09-01,214.53503641736899
1932-10-01,186.0079022552692
1932-11-01,185.37173302355657
1932-12-01,180.44043737025595
1933-01-01,188.7297991867227
1933-02-01,167.3374272907782
1933-03-01,167.89172024726759
1933-04-01,186.88181438668894
1933-05-01,241.9840100310085
1933-06-01,284.71747683003053
1933-07-01,308.8951606511384
1933-08-01,294.50420822386076
1933-09-01,293.06894412717145
1933-10-01,265.48558411215873
1933-11-01,272.94660471114486
1933-12-01,279.3042767609877
1934-01-01,296.35765181233785
1934-02-01,319.3979502723113
1934-03-01,304.0178949981341
1934-04-01,310.1744555213123
1934-05-01,279.5884847921295
1934-06-01,284.3629640512604
1934-07-01,271.9286546651724
1934-08-01,262.3298172308418
1934-09-01,257.0351943504551
1934-10-01,260.1494304495727
1934-11-01,268.53263684465225
1934-12-01,271.38309132587153
1935-01-01,272.4821928457413
1935-02-01,265.31317458168076
1935-03-01,249.5099563574113
1935-04-01,269.39668114293175
1935-05-01,291.75116708329193
1935-06-01,303.9709527605995
1935-07-01,321.0499827564624
1935-08-01,343.93441799095837
1935-09-01,352.32684884230855
1935-10-01,362.87684793462256
1935-11-01,398.2231230262786
1935-12-01,399.39456271318085
1936-01-01,422.71136430077985
1936-02-01,448.2803713914201
1936-03-01,459.11710519738926
1936-04-01,461.02228670310205
1936-05-01,437.8083144894838
1936-06-01,457.89330432402727
1936-07-01,486.52317928564736
1936-08-01,497.7295809750498
1936-09-01,504.93536924706774
1936-10-01,533.044539240321
1936-11-01,549.6262745813602
1936-12-01,541.9015453510165
1937-01-01,560.701595476766
1937-02-01,579.2736139075956
1937-03-01,580.6060631685644
1937-04-01,547.8310675467525
1937-05-01,525.3560242461452
1937-06-01,507.7333524504266
1937-07-01,540.3318707792699
1937-08-01,548.1180465153901
1937-09-01,472.3756470085687
1937-10-01,405.47550900631467
1937-11-01,371.77173311925884
1937-12-01,367.94588664336663
1938-01-01,379.9133266064422
1938-02-01,373.010123430117
1938-03-01,350.4152576354011
1938-04-01,338.2608245906003
1938-05-01,343.543513546932
1938-06-01,353.67212353795367
1938-07-01,426.5524824329269
1938-08-01,431.0761022924636
1938-09-01,413.37913261376536
1938-10-01,461.6183430634901
1938-11-01,463.76964300992285
1938-12-01,451.891924071017
1939-01-01,446.61718086746936
1939-02-01,444.5616699542449
1939-03-01,445.7467584333381
1939-04-01,390.9873627692871
1939-05-01,407.06011135150396
1939-06-01,415.92888368717826
1939-07-01,427.76552346967355
1939-08-01,423.1749102047617
1939-09-01,470.14075209167976
1939-10-01,476.6642771672479
1939-11-01,469.92123280449147
1939-12-01,460.6066855649752
1940-01-01,459.91233122632747
1940-02-01,458.85152286916843
1940-03-01,458.17343081199874
1940-04-01,464.6997719461892
1940-05-01,402.4276733256138
1940-06-01,369.6779216229411
1940-07-01,384.0500205439975
1940-08-01,394.27001831291824
1940-09-01,413.1168660551403
1940-10-01,419.19246271201376
1940-11-01,431.1898838237574
1940-12-01,415.6202179572441
1941-01-01,418.61659106704707
1941-02-01,394.5146647843745
1941-03-01,399.17045640220135
1941-04-01,388.93515088063106
1941-05-01,382.7103964330397
1941-06-01,398.5062573594414
1941-07-01,421.38968299240383
1941-08-01,421.6983872146845
1941-09-01,425.3411563844497
1941-10-01,410.6382673430193
1941-11-01,393.7544586338325
1941-12-01,370.4335208692098
1942-01-01,380.1743966146213
1942-02-01,370.6722362898297
1942-03-01,352.883147158807
1942-04-01,340.5944157665338
1942-05-01,346.9933442135389
1942-06-01,367.06282153927174
1942-07-01,383.23579452998365
1942-08-01,383.3930069606641
1942-09-01,389.7892728547111
1942-10-01,421.01974623764886
1942-11-01,430.1308672723662
1942-12-01,434.686408874454
1943-01-01,463.0931504742872
1943-02-01,493.02272539550637
1943-03-01,512.8968450281427
1943-04-01,532.3939985133471
1943-05-01,555.715415234763
1943-06-01,567.867931424831
1943-07-01,581.9577829343738
1943-08-01,555.4261626830888
1943-09-01,569.6551811408559
1943-10-01,566.7807742635397
1943-11-01,542.8292135131107
1943-12-01,552.4679854363167
1944-01-01,572.7974718485789
1944-02-01,571.3863679558
1944-03-01,589.9715550829853
1944-04-01,582.2059041521013
1944-05-01,595.0759680007968
1944-06-01,625.7982238505226
1944-07-01,644.7569794337762
1944-08-01,637.9120037558263
1944-09-01,630.0531370210311
1944-10-01,648.2872915082299
1944-11-01,646.4287675074362
1944-12-01,663.2941125403075
1945-01-01,685.8244287251746
1945-02-01,711.5192807087649
1945-03-01,713.758099434492
1945-04-01,734.539220300389
1945-05-01,765.2063613437322
1945-06-01,781.9977487145835
1945-07-01,768.6838267832405
1945-08-01,774.1251426546478
1945-09-01,829.8995280843893
1945-10-01,867.4827384838359
1945-11-01,898.8593262612391
1945-12-01,917.1049705227416
1946-01-01,956.6475680352456
1946-02-01,962.2598208022353
1946-03-01,936.4054960834088
1946-04-01,999.989939881181
1946-05-01,1005.173346112966
1946-06-01,1001.7524957460037
1946-07-01,976.1453997571273
1946-08-01,960.240584150198
1946-09-01,821.2927408569356
1946-10-01,805.8450852439294
1946-11-01,805.7238351517813
1946-12-01,833.169669435191
1947-01-01,840.8485834756169
1947-02-01,876.8791203391631
1947-03-01,844.543111302646
1947-04-01,816.5657637857958
1947-05-01,805.3793161843876
1947-06-01,837.0794916302542
1947-07-01,893.3333393281634
1947-08-01,879.3340449342123
1947-09-01,860.1876267879725
1947-10-01,886.3241793673554
1947-11-01,879.8086640383109
1947-12-01,869.8703263557873
1948-01-01,862.2934307452532
1948-02-01,823.7348723232718
1948-03-01,839.5961501839646
1948-04-01,908.656162752558
1948-05-01,957.2922788821232
1948-06-01,1001.3767837050966
1948-07-01,981.6767395167874
1948-08-01,957.1251955748444
1948-09-01,950.5912048942548
1948-10-01,981.019412222797
1948-11-01,930.7310584174775
1948-12-01,929.2285628547569
1949-01-01,944.4201957965014
1949-02-01,912.8054428089944
1949-03-01,926.4642135416051
1949-04-01,930.2870590274312
1949-05-01,928.5472014739084
1949-06-01,882.6400131655313
1949-07-01,938.2261160419022
1949-08-01,977.5529188823517
1949-09-01,995.9186597148644
1949-10-01,1027.3490285768928
1949-11-01,1047.4317139809373
1949-12-01,1081.5458367094432
1950-01-01,1110.1158660894027
1950-02-01,1138.2414374504153
1950-03-01,1153.9459395299082
1950-04-01,1193.200143109455
1950-05-01,1240.1237865774199
1950-06-01,1267.0734451829353
1950-07-01,1181.3866455972025
1950-08-01,1260.2236137590132
1950-09-01,1312.2587459372855
1950-10-01,1374.5299340348795
1950-11-01,1379.6848190503244
1950-12-01,1382.3405789736983
1951-01-01,1493.7328724480171
1951-02-01,1558.420215158596
1951-03-01,1540.9312516083528
1951-04-01,1570.7393069018324
1951-05-01,1580.6227110489324
1951-06-01,1562.3591489838227
1951-07-01,1599.501319655519
1951-08-01,1679.3289623805495
1951-09-01,1732.2323488816157
1951-10-01,1732.6712597697879
1951-11-01,1693.37268459656
1951-12-01,1754.8342899290756
1952-01-01,1822.4005199249245
1952-02-01,1797.9599617601605
1952-03-01,1811.4546038765186
1952-04-01,1815.0994747206566
1952-05-01,1823.4368138011391
1952-06-01,1882.8596586232402
1952-07-01,1946.524333515954
1952-08-01,1963.6987370955512
1952-09-01,1941.7801782292636
1952-10-01,1910.3001053700834
1952-11-01,1980.6553191051562
1952-12-01,2070.34846039609
1953-01-01,2090.8633689059657
1953-02-01,2074.583266199078
1953-03-01,2094.481770116307
1953-04-01,2000.3399117397275
1953-05-01,2020.4488731090432
1953-06-01,1957.3108625559037
1953-07-01,1994.907010829115
1953-08-01,2012.8850939210977
1953-09-01,1929.7666806396608
1953-10-01,1997.921984553155
1953-11-01,2052.257419167481
1953-12-01,2090.0915804631186
1954-01-01,2153.552361359866
1954-02-01,2211.4114167541256
1954-03-01,2268.7310108678284
1954-04-01,2370.1133375842164
1954-05-01,2475.3565633476314
1954-06-01,2505.7153081173815
1954-07-01,2617.8315971305897
1954-08-01,2680.7089276092534
1954-09-01,2754.4002173732015
1954-10-01,2829.3018471486625
1954-11-01,2951.4507852669376
1954-12-01,3098.1674714693913
1955-01-01,3165.5469291274276
1955-02-01,3283.1929839308455
1955-03-01,3268.7678470482447
1955-04-01,3393.6403909365854
1955-05-01,3390.919007699362
1955-06-01,3599.9867954991873
1955-07-01,3876.0510544079266
1955-08-01,3864.386855513417
1955-09-01,4051.0642458157276
1955-10-01,3859.025581129503
1955-11-01,4132.53795214182
1955-12-01,4183.768942391826
1956-01-01,4083.515060201506
1956-02-01,4122.357427706588
1956-03-01,4420.337367373567
1956-04-01,4486.028259440377
1956-05-01,4358.268337490211
1956-06-01,4346.777345670992
1956-07-01,4597.431344355649
1956-08-01,4584.266649652678
1956-09-01,4442.187062997296
1956-10-01,4399.646388408775
1956-11-01,4368.162021546117
1956-12-01,4447.4071244997585
1957-01-01,4364.278606723306
1957-02-01,4189.282802679313
1957-03-01,4257.359828777588
1957-04-01,4370.251779102166
1957-05-01,4552.599055199197
1957-06-01,4641.803185200988
1957-07-01,4749.88222770542
1957-08-01,4501.8757094817465
1957-09-01,4332.957456543669
1957-10-01,4076.5530406143807
1957-11-01,4002.836155688414
1957-12-01,4015.5552295749126
1958-01-01,4109.362104511997
1958-02-01,4138.265917146433
1958-03-01,4238.688079120955
1958-04-01,4276.7557458187175
1958-05-01,4429.394629763354
1958-06-01,4550.903339109896
1958-07-01,4691.069687360103
1958-08-01,4881.7997251533225
1958-09-01,5025.910453039848
1958-10-01,5245.576196291568
1958-11-01,5420.5166772147495
1958-12-01,5538.01169346212
1959-01-01,5774.2302554435755
1959-02-01,5700.959993656659
1959-03-01,5861.329653294907
1959-04-01,5975.07947385234
1959-05-01,6080.790558975261
1959-06-01,6043.806496967159
1959-07-01,6299.960813246658
1959-08-01,6279.818128025128
1959-09-01,6046.653626012625
1959-10-01,6057.313436502306
1959-11-01,6097.922560208479
1959-12-01,6309.639828099049
1960-01-01,6215.616027586376
1960-02-01,5990.649537052991
1960-03-01,5925.81869124775
1960-04-01,6019.9445464827295
1960-05-01,5982.202223477058
1960-06-01,6221.451294128669
1960-07-01,6084.405376532114
1960-08-01,6175.317323503385
1960-09-01,6006.764135301921
1960-10-01,5905.873183473365
1960-11-01,6115.573642534275
1960-12-01,6280.575428263473
1961-01-01,6622.324942041797
1961-02-01,6912.733093127017
1961-03-01,7148.151442728678
1961-04-01,7357.314107435321
1961-05-01,7450.46568014032
1961-06-01,7369.762609349967
1961-07-01,7367.675745350699
1961-08-01,7651.144395718183
1961-09-01,7609.544923866933
1961-10-01,7711.921926567009
1961-11-01,8080.775100160933
1961-12-01,8174.905803632419
1962-01-01,7889.1503987309
1962-02-01,8040.086377247567
1962-03-01,8067.550852028177
1962-04-01,7829.329603541452
1962-05-01,7265.341736252631
1962-06-01,6433.861860049858
1962-07-01,6609.154525556752
1962-08-01,6809.5084289478455
1962-09-01,6768.9097021730695
1962-10-01,6574.9503195027255
1962-11-01,7049.796384244626
1962-12-01,7376.658948965855
1963-01-01,7683.352808772474
1963-02-01,7806.194495970435
1963-03-01,7797.651289899916
1963-04-01,8186.806097355842
1963-05-01,8373.035397617345
1963-06-01,8391.144951689635
1963-07-01,8288.303237944387
1963-08-01,8540.142917834162
1963-09-01,8787.853134063902
1963-10-01,8831.810584619054
1963-11-01,8804.622321934905
1963-12-01,9015.85371255033
1964-01-01,9316.777380561361
1964-02-01,9454.911248990817
1964-03-01,9651.1618453479
1964-04-01,9814.935856378681
1964-05-01,9934.984529667101
1964-06-01,9900.019997599326
1964-07-01,10293.105263822425
1964-08-01,10166.550285380426
1964-09-01,10366.787880530926
1964-10-01,10571.51055343116
1964-11-01,10670.744457091701
1964-12-01,10511.245719064975
1965-01-01,10808.438129917045
1965-02-01,10913.99882709256
1965-03-01,10950.645497989944
1965-04-01,11121.598972188161
1965-05-01,11314.681156876992
1965-06-01,10803.380414661437
1965-07-01,10814.461766579261
1965-08-01,11044.062017392336
1965-09-01,11442.194643143357
1965-10-01,11728.563386534903
1965-11-01,11854.973607005802
1965-12-01,11829.755136377777
1966-01-01,12064.592089625616
1966-02-01,12012.503161565877
1966-03-01,11547.336980053136
1966-04-01,11931.761876859415
1966-05-01,11332.642299949395
1966-06-01,11268.961416959504
1966-07-01,11270.97069486588
1966-08-01,10618.810543068847
1966-09-01,10275.274093568632
1966-10-01,10216.966138878286
1966-11-01,10761.714537284251
1966-12-01,10838.863134796171
1967-01-01,11287.773549234224
1967-02-01,11709.91195345355
1967-03-01,12019.100029908284
1967-04-01,12259.104602270216
1967-05-01,12511.96010177079
1967-06-01,12387.432371825364
1967-07-01,12634.788303468193
1967-08-01,12869.316574769011
1967-09-01,13082.590165053718
1967-10-01,13095.30760516624
1967-11-01,12716.864828575714
1967-12-01,13113.517168799312
1968-01-01,13111.088760079532
1968-02-01,12551.40157119801
1968-03-01,12355.080085577647
1968-04-01,13304.196776094137
1968-05-01,13645.295804683432
1968-06-01,14047.474411796844
1968-07-01,14054.334378281159
1968-08-01,13781.719163791113
1968-09-01,14266.229845538292
1968-10-01,14654.732520463725
1968-11-01,14916.957875679886
1968-12-01,15109.06324281936
1969-01-01,14505.381684971051
1969-02-01,14470.603136253008
1969-03-01,14192.81888034364
1969-04-01,14516.32081788032
1969-05-01,15027.559222063319
1969-06-01,14278.50832974689
1969-07-01,13676.403335921845
1969-08-01,13637.382746872821
1969-09-01,13723.257544890277
1969-10-01,13908.402889840527
1969-11-01,14047.396278236432
1969-12-01,13339.11811864542
1970-01-01,13260.226321951986
1970-02-01,12835.038165830443
1970-03-01,13093.94283449296
1970-04-01,12733.016387043806
1970-05-01,11302.516364976469
1970-06-01,11271.801511751304
1970-07-01,11330.800050445918
1970-08-01,11700.81980613449
1970-09-01,12442.851826018446
1970-10-01,12753.454543376703
1970-11-01,12779.768249169032
1970-12-01,13697.371114102265
1971-01-01,14261.982696333069
1971-02-01,14855.573273316952
1971-03-01,15277.243006998022
1971-04-01,15839.832082309942
1971-05-01,15663.855136186954
1971-06-01,15413.08776165458
1971-07-01,15341.459099440934
1971-08-01,15108.026298794784
1971-09-01,15484.547709868028
1971-10-01,15195.130491724412
1971-11-01,14529.020863422837
1971-12-01,15572.637759462674
1972-01-01,16263.07521136017
1972-02-01,16603.193892815798
1972-03-01,17039.117692773303
1972-04-01,17254.028904229785
1972-05-01,17119.72262344728
1972-06-01,17208.182471543365
1972-07-01,17121.138810774963
1972-08-01,17770.444424643763
1972-09-01,17554.722702738654
1972-10-01,17628.14444789281
1972-11-01,18556.427763978103
1972-12-01,18986.294157502754
1973-01-01,19174.448601912747
1973-02-01,18535.423664323807
1973-03-01,18285.383179590157
1973-04-01,17985.920173094837
1973-05-01,17522.52155503102
1973-06-01,17172.909110191333
1973-07-01,17381.125990349366
1973-08-01,17096.04431036531
1973-09-01,17437.872963578266
1973-10-01,18178.264243058828
1973-11-01,16929.270142974383
1973-12-01,15773.941285919527
1974-01-01,16042.875043714605
1974-02-01,15644.87912308806
1974-03-01,16362.616957410906
1974-04-01,15572.023550895929
1974-05-01,15149.202775131325
1974-06-01,15218.524020050414
1974-07-01,13485.95421244344
1974-08-01,12976.161776741323
1974-09-01,11671.491400480367
1974-10-01,11949.907071974018
1974-11-01,12398.902774043354
1974-12-01,11640.17724718278
1975-01-01,12649.334970162612
1975-02-01,14021.84403562878
1975-03-01,14721.652360492226
1975-04-01,14941.1641811534
1975-05-01,15947.578655666173
1975-06-01,16410.554032909527
1975-07-01,16481.56724222067
1975-08-01,15324.420846050803
1975-09-01,15193.099907338583
1975-10-01,15950.921125871884
1975-11-01,16277.565416580213
1975-12-01,16084.746356128991
1976-01-01,17625.21427915832
1976-02-01,18363.734898260624
1976-03-01,18511.29371459943
1976-04-01,18714.523520021085
1976-05-01,18642.34190277546
1976-06-01,18810.534695652936
1976-07-01,19313.21112732361
1976-08-01,19204.47577163661
1976-09-01,19673.952079756804
1976-10-01,19060.413046441125
1976-11-01,18990.05225182337
1976-12-01,19711.329901959045
1977-01-01,19604.91413624335
1977-02-01,19138.86459382907
1977-03-01,19128.199256249303
1977-04-01,18898.926825101844
1977-05-01,18910.960127656905
1977-06-01,19081.525205359394
1977-07-01,19326.855119991076
1977-08-01,18923.424700283278
1977-09-01,18699.958703960216
1977-10-01,18287.13054153566
1977-11-01,18466.965176650083
1977-12-01,18451.749028057588
1978-01-01,17823.29164073538
1978-02-01,17648.922181994152
1978-03-01,17695.729941471487
1978-04-01,18553.858285597318
1978-05-01,19579.260348504962
1978-06-01,19711.299589280432
1978-07-01,19698.662253142036
1978-08-01,21147.982190837414
1978-09-01,21232.574119600766
1978-10-01,20640.946527251926
1978-11-01,19513.576242409476
1978-12-01,19890.14427541234
1979-01-01,20725.965761715222
1979-02-01,20505.617680623734
1979-03-01,20987.402104992812
1979-04-01,21499.31492916877
1979-05-01,21090.212410933204
1979-06-01,21601.98207466766
1979-07-01,21909.828905007795
1979-08-01,23012.76051854506
1979-09-01,23368.395519876995
1979-10-01,22581.16731633624
1979-11-01,22507.640586560028
1979-12-01,23502.816891800492
1980-01-01,24284.26665817645
1980-02-01,25355.898791600004
1980-03-01,23120.57234437693
1980-04-01,22850.17353355728
1980-05-01,24005.944184738408
1980-06-01,25660.36721192169
1980-07-01,26940.50531198634
1980-08-01,27888.04519854248
1980-09-01,28681.653908236927
1980-10-01,29638.646199271603
1980-11-01,31011.39375067799
1980-12-01,30623.545652638473
1981-01-01,30626.055559969427
1981-02-01,29681.626298672076
1981-03-01,30915.9242453754
1981-04-01,31316.884286309123
1981-05-01,30807.944139463518
1981-06-01,31072.608239988276
1981-07-01,30443.083186097585
1981-08-01,30687.816334462103
1981-09-01,28128.821053254083
1981-10-01,28616.27988965496
1981-11-01,29490.585867374604
1981-12-01,29839.235459316602
1982-01-01,28398.839163201872
1982-02-01,27852.159491774066
1982-03-01,27083.300426295056
1982-04-01,28571.247907653287
1982-05-01,28734.027863488292
1982-06-01,27211.431722330715
1982-07-01,27277.44983076955
1982-08-01,27494.48258607755
1982-09-01,30836.79409699217
1982-10-01,33587.735092826726
1982-11-01,35105.126412469326
1982-12-01,35582.34980538682
1983-01-01,36984.414995038154
1983-02-01,37774.730678819506
1983-03-01,39240.159069077825
1983-04-01,40892.93334304322
1983-05-01,42708.17830373847
1983-06-01,43459.06494089381
1983-07-01,43767.33309489837
1983-08-01,42709.667972277064
1983-09-01,44129.589105311046
1983-10-01,44416.102178141446
1983-11-01,43906.740154687155
1983-12-01,43849.594947661375
1984-01-01,44542.45411117177
1984-02-01,42256.71863982575
1984-03-01,42443.907665175735
1984-04-01,42659.33072080188
1984-05-01,42550.43303461986
1984-06-01,41760.284716588045
1984-07-01,41378.583849011375
1984-08-01,45202.73451234908
1984-09-01,45840.28072631082
1984-10-01,45649.788279781445
1984-11-01,46238.41870838526
1984-12-01,45909.4600244745
1985-01-01,48073.746394822214
1985-02-01,50865.387587294375
1985-03-01,50620.59123151529
1985-04-01,51140.52029017684
1985-05-01,52544.023164283324
1985-06-01,53867.26510275171
1985-07-01,55081.40540726131
1985-08-01,54061.02404122529
1985-09-01,53037.99285037327
1985-10-01,53833.42157736843
1985-11-01,57301.236927362945
1985-12-01,60344.519401885336
1986-01-01,60798.93284541897
1986-02-01,64272.997593229484
1986-03-01,68258.4634465571
1986-04-01,70134.3958411274
1986-05-01,70479.69723476915
1986-06-01,72693.96320201633
1986-07-01,71378.34471470612
1986-08-01,73010.39630282542
1986-09-01,71211.44050136767
1986-10-01,71146.45221759497
1986-11-01,73666.47139290487
1986-12-01,74928.25441883541
1987-01-01,79941.75259823899
1987-02-01,85120.5944237291
1987-03-01,88854.3552076094
1987-04-01,88090.99377212004
1987-05-01,88242.83375876397
1987-06-01,92221.82502262131
1987-07-01,95107.60294538453
1987-08-01,101259.27066221586
1987-09-01,98183.11992058682
1987-10-01,86517.94246900654
1987-11-01,75845.221960957
1987-12-01,74829.50997181034
1988-01-01,78016.44756968756
1988-02-01,80620.54471390691
1988-03-01,83233.10250614183
1988-04-01,82493.01654307946
1988-05-01,80681.73670888985
1988-06-01,85535.03222110345
1988-07-01,85271.09408321271
1988-08-01,83800.89969179839
1988-09-01,85420.05468101476
1988-10-01,88676.22201181916
1988-11-01,86878.67976283313
1988-12-01,88904.87117141999
1989-01-01,92036.49354462935
1989-02-01,95082.420982094
1989-03-01,94928.61977599554
1989-04-01,98321.51686127284
1989-05-01,102379.37048512095
1989-06-01,105863.36182573938
1989-07-01,108834.55644960189
1989-08-01,113954.1790184724
1989-09-01,114475.49308530554
1989-10-01,114803.31391463306
1989-11-01,112716.27294468031
1989-12-01,115809.31416046663
1990-01-01,113240.67533825058
1990-02-01,110370.51369447501
1990-03-01,113366.15547450326
1990-04-01,113587.64508364348
1990-05-01,117973.06511904263
1990-06-01,121722.2920737529
1990-07-01,121929.02339885847
1990-08-01,112317.25769806597
1990-09-01,107425.79997910894
1990-10-01,104929.18297173166
1990-11-01,108068.80327107065
1990-12-01,113040.11946439391
1991-01-01,112262.39289779855
1991-02-01,125331.79450046111
1991-03-01,129156.92229863253
1991-04-01,132080.99366483424
1991-05-01,131842.63819717057
1991-06-01,132300.2369484571
1991-07-01,133334.43570670843
1991-08-01,136915.3312796833
1991-09-01,136498.03604024256
1991-10-01,136745.51205595676
1991-11-01,136766.53286109786
1991-12-01,138048.12157409493
1992-01-01,148231.3487543701
1992-02-01,147337.41909956277
1992-03-01,145841.6209743023
1992-04-01,146227.81709424927
1992-05-01,149258.52005817526
1992-06-01,147268.86280396322
1992-07-01,150091.28785585603
1992-08-01,151506.81332883643
1992-09-01,152080.40640996027
1992-10-01,150276.97729313406
1992-11-01,154429.0299910918
1992-12-01,159492.3064986663
1993-01-01,159719.31113748447
1993-02-01,162478.62343194237
1993-03-01,165979.75856999066
1993-04-01,163746.38261078112
1993-05-01,164935.02491212715
1993-06-01,166364.6002746768
1993-07-01,166464.8323843735
1993-08-01,169404.78564425884
1993-09-01,171704.99174887312
1993-10-01,173841.90923853914
1993-11-01,173853.71448696722
1993-12-01,175398.21423185774
1994-01-01,178448.89999476948
1994-02-01,178312.8026677326
1994-03-01,175767.9590922883
1994-04-01,169871.70224825863
1994-05-01,171672.43705986
1994-06-01,173578.54974724533
1994-07-01,172674.37887934595
1994-08-01,178007.84058677132
1994-09-01,179465.59637458855
1994-10-01,178666.43644416807
1994-11-01,178002.20686087955
1994-12-01,176170.97957184762
1995-01-01,180498.12999222465
1995-02-01,187406.3406438188
1995-03-01,192209.68440284816
1995-04-01,198402.9948724361
1995-05-01,205058.98810291043
1995-06-01,211589.44183905475
1995-07-01,219110.66404507175
1995-08-01,220236.1056252579
1995-09-01,228440.03396222
1995-10-01,230528.6049704723
1995-11-01,235974.76357526865
1995-12-01,243985.98092536547
1996-01-01,244381.759849613
1996-02-01,258837.08307184378
1996-03-01,258316.94064063168
1996-04-01,258826.20995877736
1996-05-01,264931.92203141755
1996-06-01,268324.6473514522
1996-07-01,258979.88186811996
1996-08-01,266960.3411443625
1996-09-01,272371.2777470875
1996-10-01,283610.49703125784
1996-11-01,297962.62208265567
1996-12-01,301536.91949791246
1997-01-01,311373.9537909451
1997-02-01,324974.31870086177
1997-03-01,322943.6314294366
1997-04-01,311928.07855877955
1997-05-01,340728.7825264468
1997-06-01,358940.8910975295
1997-07-01,379558.39941684407
1997-08-01,380878.12178522494
1997-09-01,385424.6387121941
1997-10-01,391775.5437876948
1997-11-01,387256.07209035935
1997-12-01,397470.45582861075
1998-01-01,398413.15925368894
1998-02-01,423952.3285517783
1998-03-01,446502.87224290706
1998-04-01,461726.13452395063
1998-05-01,460701.39905841736
1998-06-01,461237.91756187886
1998-07-01,481868.92786343273
1998-08-01,448236.60027490684
1998-09-01,426253.0605788201
1998-10-01,431761.39862648066
1998-11-01,479207.3106329879
1998-12-01,498895.2926734787
1999-01-01,524105.3296106126
1999-02-01,523752.97768438724
1999-03-01,539079.7606257205
1999-04-01,562013.0244116996
1999-05-01,561455.2774541914
1999-06-01,558014.0635936308
1999-07-01,583273.3284830364
1999-08-01,561237.8079050346
1999-09-01,557878.005387971
1999-10-01,550770.0032010209
1999-11-01,589947.9775273801
1999-12-01,606534.6681598499
2000-01-01,605812.9256346017
2000-02-01,590783.9971795571
2000-03-01,614091.832532303
2000-04-01,622847.3911486185
2000-05-01,605150.8537300284
2000-06-01,624313.5633604771
2000-07-01,629625.6477707127
2000-08-01,635549.518150392
2000-09-01,628681.6960440164
2000-10-01,595867.9757798421
2000-11-01,591257.3604107238
2000-12-01,571606.024121814
2001-01-01,574207.7587759809
2001-02-01,561927.9298165914
2001-03-01,510852.19748379645
2001-04-01,513147.6915968345
2001-05-01,548485.461528791
2001-06-01,535368.8198114834
2001-07-01,521112.6210228163
2001-08-01,510437.57125763124
2001-09-01,452960.96208965464
2001-10-01,467402.04520776484
2001-11-01,491047.80869869806
2001-12-01,498253.1339974322
2002-01-01,496765.5680480891
2002-02-01,480090.28949486604
2002-03-01,503859.89182797296
2002-04-01,486129.96071532456
2002-05-01,472400.7830991771
2002-06-01,444396.2364142915
2002-07-01,396521.4743187354
2002-08-01,401044.05068101856
2002-09-01,381934.88704843115
2002-10-01,376704.66145107034
2002-11-01,401701.52422298933
2002-12-01,397537.98583382106
2003-01-01,396652.1242906175
2003-02-01,371168.67095281294
2003-03-01,376029.45966998534
2003-04-01,395937.99415336235
2003-05-01,417001.87023363577
2003-06-01,440822.05580872105
2003-07-01,443452.92080383963
2003-08-01,442712.309509217
2003-09-01,456724.87031249644
2003-10-01,465999.2119706563
2003-11-01,471646.2060603496
2003-12-01,486114.9358216165
2004-01-01,510136.1428630984
2004-02-01,515684.1819704536
2004-03-01,507602.3397443124
2004-04-01,512520.9072726478
2004-05-01,499361.29136256594
2004-06-01,513650.68435652525
2004-07-01,502133.6418379599
2004-08-01,495155.7914162084
2004-09-01,508952.0770436379
2004-10-01,509472.1239398958
2004-11-01,533826.1877822153
2004-12-01,548407.335482554
2005-01-01,540996.6286065251
2005-02-01,550104.5118771959
2005-03-01,548693.4919470556
2005-04-01,535454.8232897251
2005-05-01,542618.3216045244
2005-06-01,554468.951382969
2005-07-01,564505.541799518
2005-08-01,566258.3010470428
2005-09-01,567843.6522298179
2005-10-01,552918.6147027812
2005-11-01,574853.6497723333
2005-12-01,587198.4227253974
2006-01-01,595822.3494013658
2006-02-01,595720.6706980364
2006-03-01,604585.7943117755
2006-04-01,609417.7744795505
2006-05-01,604617.3709390233
2006-06-01,588231.7836805647
2006-07-01,592472.2393382691
2006-08-01,606071.3704305586
2006-09-01,621431.636760536
2006-10-01,643935.4632253652
2006-11-01,656844.3000811003
2006-12-01,670972.8190467402
2007-01-01,675628.808211477
2007-02-01,686425.8135137164
2007-03-01,669418.0566426803
2007-04-01,697441.1954107583
2007-05-01,721131.5992471703
2007-06-01,723622.7988790259
2007-07-01,727786.3847545576
2007-08-01,697166.2429435017
2007-09-01,718635.7463174
2007-10-01,740164.0451298566
2007-11-01,704536.26533068
2007-12-01,713273.1932109774
2008-01-01,665867.8652208598
2008-02-01,655437.1725216159
2008-03-01,638186.9852438488
2008-04-01,665317.4314784964
2008-05-01,682397.2383133776
2008-06-01,653369.5691985768
2008-07-01,613581.4880471441
2008-08-01,626555.2923937072
2008-09-01,596124.8606653252
2008-10-01,475505.46727348433
2008-11-01,434481.91303241457
2008-12-01,432947.8131149412
2009-01-01,428186.8735643172
2009-02-01,399408.31150666106
2009-03-01,376623.3080820823
2009-04-01,423165.5830915002
2009-05-01,451419.2767540228
2009-06-01,464399.4997881841
2009-07-01,470342.83556507755
2009-08-01,508619.1433543746
2009-09-01,527219.6894997971
2009-10-01,539912.4580564017
2009-11-01,551237.9103721804
2009-12-01,563525.0463050816
2010-01-01,571184.0091420966
2010-02-01,554599.813254607
2010-03-01,587615.7459748259
2010-04-01,611673.1577956239
2010-05-01,575634.3004702015
2010-06-01,555199.3288517975
2010-07-01,554311.0292290131
2010-08-01,559104.3651514624
2010-09-01,577985.0321462612
2010-10-01,604483.3290297069
2010-11-01,619563.7965565904
2010-12-01,642609.8653149474
2011-01-01,664890.2623819557
2011-02-01,685869.6287089534
2011-03-01,678229.3155757308
2011-04-01,693315.9469648786
2011-05-01,697890.3710466244
2011-06-01,672291.8282671623
2011-07-01,693175.2737097357
2011-08-01,620968.39429485
2011-09-01,616056.5825459623
2011-10-01,634688.6550915648
2011-11-01,645922.0561544128
2011-12-01,655979.680145263
2012-01-01,687408.2302595809
2012-02-01,716071.8788877942
2012-03-01,736754.9407791969
2012-04-01,736471.774485759
2012-05-01,713670.2486189624
2012-06-01,705430.9379164346
2012-07-01,726071.8024934501
2012-08-01,750707.6310111262
2012-09-01,773425.9326630235
2012-10-01,771741.4348760734
2012-11-01,749804.9132427174
2012-12-01,766143.7853519066
2013-01-01,798907.8353533105
2013-02-01,817576.9095722254
2013-03-01,839868.587504923
2013-04-01,852096.7344179648
2013-05-01,891139.3999178234
2013-06-01,881162.7946608835
2013-07-01,909890.1526168989
2013-08-01,912191.9335640622
2013-09-01,923087.5003269382
2013-10-01,942665.7349975177
2013-11-01,979109.778563655
2013-12-01,994029.4862966225
2014-01-01,1003666.449066365
2014-02-01,1002354.3114322472
2014-03-01,1029682.2236173266
2014-04-01,1031756.4222915388
2014-05-01,1047582.9437058131
2014-06-01,1081120.9016833387
2014-07-01,1097315.8439276943
2014-08-01,1092617.6469712663
2014-09-01,1112070.2263095821
2014-10-01,1082587.1820871357
2014-11-01,1144452.9244786194
2014-12-01,1151712.7522506544
2015-01-01,1138904.9049499372
2015-02-01,1171158.8158087926
2015-03-01,1171807.1381575689
2015-04-01,1182112.1073722076
2015-05-01,1193696.734923701
2015-06-01,1188484.812148286
2015-07-01,1187535.27781926
2015-08-01,1158697.669030569
2015-09-01,1106379.1961703356
2015-10-01,1154229.8379341383
2015-11-01,1188129.4279295471
2015-12-01,1174997.2508511664
2016-01-01,1099428.2714160867
2016-02-01,1093366.9913472084
2016-03-01,1163068.3500217656
2016-04-01,1196053.4091436332
2016-05-01,1192399.4158631738
2016-06-01,1205132.0459424842
2016-07-01,1244933.7468272378
2016-08-01,1259888.1187887886
2016-09-01,1254352.8491309367
2016-10-01,1247994.393336868
2016-11-01,1263005.5782694914
2016-12-01,1312926.0912044055
2017-01-01,1331824.789089533
2017-02-01,1366194.0167418623
2017-03-01,1390126.9388034034
2017-04-01,1387979.355121487
2017-05-01,1411506.7953193658
2017-06-01,1436618.821466504
2017-07-01,1450830.1101749502
2017-08-01,1454430.9598383436
2017-09-01,1478513.8861313493
2017-10-01,1519006.5979026025
2017-11-01,1543181.754690038
2017-12-01,1587749.2459019325
2018-01-01,1665063.299196578
2018-02-01,1616928.2464120851
2018-03-01,1617976.7951354359
2018-04-01,1591008.8268121274
2018-05-01,1622268.270909775
2018-06-01,1656602.4453933847
2018-07-01,1682823.7562828783
2018-08-01,1724123.9047171478
2018-09-01,1753130.954209713
2018-10-01,1685542.3270496493
2018-11-01,1650494.7550461902
2018-12-01,1558536.2472764368
2019-01-01,1585624.4307138678
2019-02-01,1678208.7910195047
2019-03-01,1710950.1866717406
2019-04-01,1774753.0196622044
2019-05-01,1747512.5700743033
2019-06-01,1772094.413551362
2019-07-01,1840020.9354068022
2019-08-01,1782248.7432178427
2019-09-01,1837319.0676666931
2019-10-01,1837494.218484593
2019-11-01,1918986.0757680072
2019-12-01,1966436.2883413702
2020-01-01,2032329.3167190845
2020-02-01,2034808.2935725334
2020-03-01,1649279.6920472994
2020-04-01,1720872.8880498393
2020-05-01,1822268.8718388188
2020-06-01,1940916.3395850905
2020-07-01,2008474.7906287236
2020-08-01,2127018.1998926117
2020-09-01,2113566.277088537
2020-10-01,2150130.399998817
2020-11-01,2235273.2780896304
2020-12-01,2330553.1717712777
2021-01-01,2395787.4850191833
2021-02-01,2455568.491147017
2021-03-01,2475761.9618991152
2021-04-01,2624968.2140221377
2021-05-01,2644933.687080339
2021-06-01,2692832.9153022473
2021-07-01,2775484.567061658
2021-08-01,2836209.557202868
2021-09-01,2833708.3531082347
2021-10-01,2846529.5353005272
2021-11-01,2981595.9960379875
2021-12-01,2989570.5019654217
2022-01-01,2928156.175053378
2022-02-01,2843058.6773311766
2022-03-01,2817687.1152098104
2022-04-01,2820829.3227937864
2022-05-01,2598489.64666847
2022-06-01,2510699.507609374
2022-07-01,2522329.6466972986
2022-08-01,2684952.1316667125
2022-09-01,2489403.219315587
2022-10-01,2412344.6590477987
2022-11-01,2539859.98622765
2022-12-01,2539929.03861092
2023-01-01,2574936.6253873263
2023-02-01,2655895.5048956936
2023-03-01,2587194.2436282425
2023-04-01,2690730.933868071
2023-05-01,2710555.8746854276
2023-06-01,2763214.322475491
1871-01-01,2763214.322475491
