Date,SP500_Growth_Based_On_Earnings
1871-01-01,4.44
1871-02-01,4.472888888888889
1871-03-01,4.505244855967078
1871-04-01,4.5369273092439215
1871-05-01,4.568044780500738
1871-06-01,4.599635684930204
1871-07-01,4.63206402450247
1871-08-01,4.66428483713813
1871-09-01,4.696408010947621
1871-10-01,4.730499242153687
1871-11-01,4.764482713720883
1871-12-01,4.797988218036783
1872-01-01,4.831114344921876
1872-02-01,4.864524540944849
1872-03-01,4.897295522762047
1872-04-01,4.929608108686842
1872-05-01,4.962315168855942
1872-06-01,4.995771986337441
1872-07-01,5.029840262294461
1872-08-01,5.064769708560394
1872-09-01,5.100782007398281
1872-10-01,5.137143441725328
1872-11-01,5.174111946631239
1872-12-01,5.210683277891002
1873-01-01,5.247419623617813
1873-02-01,5.284352475698456
1873-03-01,5.322054762197446
1873-04-01,5.360788785211984
1873-05-01,5.399941493254724
1873-06-01,5.440155534759451
1873-07-01,5.48096078179485
1873-08-01,5.522332768372408
1873-09-01,5.5677168312288545
1873-10-01,5.618094290794805
1873-11-01,5.671115188216424
1873-12-01,5.720292392415317
1874-01-01,5.767349750036371
1874-02-01,5.813429565872392
1874-03-01,5.860555291925183
1874-04-01,5.909393252691227
1874-05-01,5.9599527432173325
1874-06-01,6.011155086372121
1874-07-01,6.062797312200059
1874-08-01,6.114776027153764
1874-09-01,6.16640365318512
1874-10-01,6.218572888829665
1874-11-01,6.270759636805745
1874-12-01,6.323704247045578
1875-01-01,6.37613960564463
1875-02-01,6.428130306930055
1875-03-01,6.4789054278378755
1875-04-01,6.5284383439528435
1875-05-01,6.579330442050386
1875-06-01,6.630667290068883
1875-07-01,6.681221325522291
1875-08-01,6.730888448073006
1875-09-01,6.7803075996741295
1875-10-01,6.82982781293497
1875-11-01,6.8777766181367035
1875-12-01,6.924988154505022
1876-01-01,6.970715757215699
1876-02-01,7.015262764866617
1876-03-01,7.059350640462812
1876-04-01,7.104533376256864
1876-05-01,7.15082301253688
1876-06-01,7.196767647672686
1876-07-01,7.24258358635153
1876-08-01,7.289699014313744
1876-09-01,7.339087219017766
1876-10-01,7.387975356634457
1876-11-01,7.436993239839303
1876-12-01,7.485449020656604
1877-01-01,7.534955958623908
1877-02-01,7.588214058416274
1877-03-01,7.645080170964358
1877-04-01,7.707235294305532
1877-05-01,7.770202902919139
1877-06-01,7.839014476625471
1877-07-01,7.9058774455492635
1877-08-01,7.969225822516806
1877-09-01,8.029708714308828
1877-10-01,8.089667710084731
1877-11-01,8.151345566977723
1877-12-01,8.21406752424902
1878-01-01,8.277447674899088
1878-02-01,8.342892390861287
1878-03-01,8.407807519952955
1878-04-01,8.471619052435901
1878-05-01,8.5359148861672
1878-06-01,8.599539773511918
1878-07-01,8.662512384624335
1878-08-01,8.72667914302896
1878-09-01,8.790192091668182
1878-10-01,8.855073934683153
1878-11-01,8.920842457668025
1878-12-01,8.987635228390307
1879-01-01,9.053681930538971
1879-02-01,9.119117619542578
1879-03-01,9.187272459748426
1879-04-01,9.254965301332192
1879-05-01,9.321337685879898
1879-06-01,9.389001286967877
1879-07-01,9.456919409703467
1879-08-01,9.525988350761775
1879-09-01,9.594187007339393
1879-10-01,9.657091459262677
1879-11-01,9.718196821571349
1879-12-01,9.78073348065482
1880-01-01,9.842809727675986
1880-02-01,9.905614792298728
1880-03-01,9.969063516307815
1880-04-01,10.035898214057264
1880-05-01,10.110570075769001
1880-06-01,10.187095734834768
1880-07-01,10.262355011835616
1880-08-01,10.337044640742716
1880-09-01,10.413957175272053
1880-10-01,10.490756269484974
1880-11-01,10.565668839247078
1880-12-01,10.639533973749645
1881-01-01,10.709127995032674
1881-02-01,10.778794453496326
1881-03-01,10.847519233230427
1881-04-01,10.916313748915552
1881-05-01,10.981995540425274
1881-06-01,11.046671603678663
1881-07-01,11.11347537486685
1881-08-01,11.181672940986553
1881-09-01,11.24914622689644
1881-10-01,11.317471944989835
1881-11-01,11.38512780310192
1881-12-01,11.45458319477531
1882-01-01,11.525395405425503
1882-02-01,11.59810165956016
1882-03-01,11.671266570357284
1882-04-01,11.744726203856512
1882-05-01,11.81943820260878
1882-06-01,11.894855751119556
1882-07-01,11.96658064108048
1882-08-01,12.036511570493058
1882-09-01,12.106022494323579
1882-10-01,12.177774642820042
1882-11-01,12.253001815063802
1882-12-01,12.328192056933364
1883-01-01,12.403788034716866
1883-02-01,12.481156972059162
1883-03-01,12.557578457315463
1883-04-01,12.632432883026691
1883-05-01,12.708605295490674
1883-06-01,12.784143843371622
1883-07-01,12.860842570533677
1883-08-01,12.941182666551505
1883-09-01,13.02065443433922
1883-10-01,13.10236034820932
1883-11-01,13.182821907704586
1883-12-01,13.265111682409358
1884-01-01,13.348856074343761
1884-02-01,13.429348452987899
1884-03-01,13.509057311327096
1884-04-01,13.59134932711247
1884-05-01,13.679627771689715
1884-06-01,13.770389633232242
1884-07-01,13.859830979252198
1884-08-01,13.94268506210282
1884-09-01,14.026880020207306
1884-10-01,14.112451518622432
1884-11-01,14.198293681144467
1884-12-01,14.282807334008421
1885-01-01,14.368931353147401
1885-02-01,14.452027185631481
1885-03-01,14.534515925275496
1885-04-01,14.616743329242883
1885-05-01,14.699435925583927
1885-06-01,14.782035588011349
1885-07-01,14.86120244527362
1885-08-01,14.93567229116094
1885-09-01,15.010605425272724
1885-10-01,15.080958844026346
1885-11-01,15.146516828916045
1885-12-01,15.212052121529908
1886-01-01,15.27908919239863
1886-02-01,15.346350546476804
1886-03-01,15.41657913217366
1886-04-01,15.489326296821515
1886-05-01,15.565165144729962
1886-06-01,15.639284978752485
1886-07-01,15.71384297350245
1886-08-01,15.789448453552017
1886-09-01,15.864679292381595
1886-10-01,15.939540934946626
1886-11-01,16.01408050160837
1886-12-01,16.09216749449704
1887-01-01,16.17208489365525
1887-02-01,16.25356456361522
1887-03-01,16.33418740371252
1887-04-01,16.413975345309396
1887-05-01,16.49336195464055
1887-06-01,16.576110108135637
1887-07-01,16.661961103102158
1887-08-01,16.75113880114916
1887-09-01,16.842615094296544
1887-10-01,16.938420640908014
1887-11-01,17.03360169643121
1887-12-01,17.130559811734212
1888-01-01,17.225099325044003
1888-02-01,17.31842994557415
1888-03-01,17.413627999364685
1888-04-01,17.506589925477034
1888-05-01,17.596422591350787
1888-06-01,17.687163219400244
1888-07-01,17.773661474581193
1888-08-01,17.856406639732874
1888-09-01,17.935221993898363
1888-10-01,18.01250233685725
1888-11-01,18.089360599089957
1888-12-01,18.16560980073846
1889-01-01,18.241680193538873
1889-02-01,18.318184472156297
1889-03-01,18.397607748570433
1889-04-01,18.478511916330195
1889-05-01,18.558588671037814
1889-06-01,18.63863779401503
1889-07-01,18.721653283922453
1889-08-01,18.804949481128016
1889-09-01,18.887557763860087
1889-10-01,18.97305277456016
1889-11-01,19.060744828426678
1889-12-01,19.150332837584543
1890-01-01,19.239090405426516
1890-02-01,19.329009504348868
1890-03-01,19.419756027843466
1890-04-01,19.508821135290923
1890-05-01,19.594386140270267
1890-06-01,19.68068981424961
1890-07-01,19.767787928138127
1890-08-01,19.8570733298009
1890-09-01,19.948043979103637
1890-10-01,20.043470902080596
1890-11-01,20.146575176268254
1890-12-01,20.252431498127585
1891-01-01,20.35502740237342
1891-02-01,20.458268563878658
1891-03-01,20.56549219366838
1891-04-01,20.67128176256585
1891-05-01,20.77941778350415
1891-06-01,20.891860520427873
1891-07-01,21.008392540287467
1891-08-01,21.12319249952401
1891-09-01,21.231383405585902
1891-10-01,21.341481846809643
1891-11-01,21.455266672181843
1891-12-01,21.56764498075183
1892-01-01,21.67934813478514
1892-02-01,21.792261406320478
1892-03-01,21.90533872785597
1892-04-01,22.020074422009834
1892-05-01,22.136214055037314
1892-06-01,22.254387309655282
1892-07-01,22.37403455325558
1892-08-01,22.493477402675055
1892-09-01,22.617449390123664
1892-10-01,22.740477291505975
1892-11-01,22.865479915140025
1892-12-01,22.993448797584282
1893-01-01,23.11667199585644
1893-02-01,23.23960686075676
1893-03-01,23.364550983664053
1893-04-01,23.48677608820299
1893-05-01,23.617869948931965
1893-06-01,23.752398713735634
1893-07-01,23.89719509701859
1893-08-01,24.042026582455065
1893-09-01,24.173835938718522
1893-10-01,24.29841765351299
1893-11-01,24.41766783830644
1893-12-01,24.537644586725794
1894-01-01,24.65680564241114
1894-02-01,24.770957520385263
1894-03-01,24.878526382294176
1894-04-01,24.981364206295062
1894-05-01,25.08462712050759
1894-06-01,25.18575849899698
1894-07-01,25.285369946944286
1894-08-01,25.377746718634132
1894-09-01,25.46506349099387
1894-10-01,25.55146775093888
1894-11-01,25.634030332530386
1894-12-01,25.71350091267836
1895-01-01,25.797962550152665
1895-02-01,25.887763310909254
1895-03-01,25.981722962879743
1895-04-01,26.075859640281482
1895-05-01,26.168961110005423
1895-06-01,26.264065635045416
1895-07-01,26.362610080621902
1895-08-01,26.463523455605145
1895-09-01,26.567595830371566
1895-10-01,26.67714389168763
1895-11-01,26.794581573901432
1895-12-01,26.923799270534833
1896-01-01,27.053415096023638
1896-02-01,27.176676509801766
1896-03-01,27.300770923088532
1896-04-01,27.422627604587767
1896-05-01,27.543795100189513
1896-06-01,27.666016413200648
1896-07-01,27.79539359433234
1896-08-01,27.931166325840408
1896-09-01,28.058845820838762
1896-10-01,28.182431293974947
1896-11-01,28.29682661502534
1896-12-01,28.41414347495496
1897-01-01,28.536639351291207
1897-02-01,28.665601025872242
1897-03-01,28.799577474862108
1897-04-01,28.943374047035373
1897-05-01,29.092167867963994
1897-06-01,29.239813868105912
1897-07-01,29.386423444259673
1897-08-01,29.529048291106204
1897-09-01,29.669904274177686
1897-10-01,29.820390702835514
1897-11-01,29.981651738433804
1897-12-01,30.144737311423548
1898-01-01,30.305973604274552
1898-02-01,30.470180223283407
1898-03-01,30.644934640714492
1898-04-01,30.82553892313266
1898-05-01,30.997825637435888
1898-06-01,31.166328712220817
1898-07-01,31.336748269921067
1898-08-01,31.503610614276344
1898-09-01,31.673313321743894
1898-10-01,31.849276173531358
1898-11-01,32.022294840271535
1898-12-01,32.187630935068476
1899-01-01,32.34681803168108
1899-02-01,32.50556762940233
1899-03-01,32.66748019978189
1899-04-01,32.832667700792115
1899-05-01,33.01079632330075
1899-06-01,33.19882774460003
1899-07-01,33.3863917431571
1899-08-01,33.57501542532183
1899-09-01,33.771636504177074
1899-10-01,33.97512913194387
1899-11-01,34.18073993521151
1899-12-01,34.40788467162307
1900-01-01,34.6334805585338
1900-02-01,34.856519459606275
1900-03-01,35.07927329050867
1900-04-01,35.30056570339354
1900-05-01,35.534406228720734
1900-06-01,35.77692879375432
1900-07-01,36.02110657694948
1900-08-01,36.26357498417181
1900-09-01,36.51373761513326
1900-10-01,36.7567736748719
1900-11-01,36.98366733953161
1900-12-01,37.19903926673596
1901-01-01,37.41020547510753
1901-02-01,37.61803994996924
1901-03-01,37.820548778295944
1901-04-01,38.00904832364231
1901-05-01,38.20913807055557
1901-06-01,38.392659386936714
1901-07-01,38.59100955942554
1901-08-01,38.788305109320355
1901-09-01,38.98832730976033
1901-10-01,39.19228382424955
1901-11-01,39.39364163263554
1901-12-01,39.60010725964097
1902-01-01,39.80765499160974
1902-02-01,40.01894827712784
1902-03-01,40.2355010275452
1902-04-01,40.45029657007961
1902-05-01,40.671046933374086
1902-06-01,40.89881937363716
1902-07-01,41.12694754952759
1902-08-01,41.35467151159585
1902-09-01,41.58736716493591
1902-10-01,41.8333298285563
1902-11-01,42.09524649414956
1902-12-01,42.369732973636715
1903-01-01,42.62916067981867
1903-02-01,42.88827301071959
1903-03-01,43.15578968369064
1903-04-01,43.43264232472021
1903-05-01,43.71278062660824
1903-06-01,44.0070238995391
1903-07-01,44.3131384230473
1903-08-01,44.62688196894823
1903-09-01,44.94582766626776
1903-10-01,45.27294431594947
1903-11-01,45.596230122261595
1903-12-01,45.90265639996497
1904-01-01,46.20433000932331
1904-02-01,46.51434295892961
1904-03-01,46.82543407021191
1904-04-01,47.12910095782677
1904-05-01,47.43932410789145
1904-06-01,47.74914205530454
1904-07-01,48.046533323710776
1904-08-01,48.333961735553984
1904-09-01,48.60908674543305
1904-10-01,48.86875067035524
1904-11-01,49.11466829651443
1904-12-01,49.35771396306488
1905-01-01,49.604157511911815
1905-02-01,49.848464828262834
1905-03-01,50.09397539183781
1905-04-01,50.35086757333441
1905-05-01,50.629850660509355
1905-06-01,50.91435195664618
1905-07-01,51.19891685691807
1905-08-01,51.48184632672863
1905-09-01,51.77231036603538
1905-10-01,52.067410174323314
1905-11-01,52.37275506157597
1905-12-01,52.679243562638575
1906-01-01,52.98054328560036
1906-02-01,53.28907195602663
1906-03-01,53.61063285366135
1906-04-01,53.942299723580064
1906-05-01,54.28861649119422
1906-06-01,54.63635295347448
1906-07-01,54.99943344891224
1906-08-01,55.34326586607224
1906-09-01,55.6823790147614
1906-10-01,56.037677502604446
1906-11-01,56.39145071916129
1906-12-01,56.754330067418444
1907-01-01,57.12614826754566
1907-02-01,57.50821185949018
1907-03-01,57.930073742262266
1907-04-01,58.348039642278586
1907-05-01,58.779097854765865
1907-06-01,59.22278065862129
1907-07-01,59.64823166909989
1907-08-01,60.10593755974676
1907-09-01,60.56630779228158
1907-10-01,61.08080242184565
1907-11-01,61.625194600293476
1907-12-01,62.14131850816863
1908-01-01,62.63497372351792
1908-02-01,63.146196166576345
1908-03-01,63.636613968429224
1908-04-01,64.10057295040961
1908-05-01,64.53949771725712
1908-06-01,64.9760473500849
1908-07-01,65.39546412874539
1908-08-01,65.79587720815235
1908-09-01,66.19844620722327
1908-10-01,66.59418058196755
1908-11-01,66.96291912339595
1908-12-01,67.3213162499395
1909-01-01,67.68967538897397
1909-02-01,68.08058365525355
1909-03-01,68.47815772471893
1909-04-01,68.87008857250234
1909-05-01,69.26050857574782
1909-06-01,69.6550204723971
1909-07-01,70.05506079213289
1909-08-01,70.45656847663616
1909-09-01,70.8685951928738
1909-10-01,71.29013097203674
1909-11-01,71.7250390428764
1909-12-01,72.1661524441241
1910-01-01,72.61798159791901
1910-02-01,73.08818349896744
1910-03-01,73.54820479490756
1910-04-01,74.02112277841391
1910-05-01,74.50340791509892
1910-06-01,75.01189418260574
1910-07-01,75.54892091644456
1910-08-01,76.07532086708868
1910-09-01,76.60012302538813
1910-10-01,77.1035412892248
1910-11-01,77.60907198217801
1910-12-01,78.13063832614426
1911-01-01,78.6349672593107
1911-02-01,79.12619019321444
1911-03-01,79.61790154166842
1911-04-01,80.10647482064282
1911-05-01,80.57958180635414
1911-06-01,81.03794120229472
1911-07-01,81.4926995704333
1911-08-01,81.96430084109552
1911-09-01,82.45675638568274
1911-10-01,82.93997694584263
1911-11-01,83.39861428794528
1911-12-01,83.84873634260819
1912-01-01,84.30782929235967
1912-02-01,84.78061882405751
1912-03-01,85.24974575424817
1912-04-01,85.71406898820376
1912-05-01,86.18804636593106
1912-06-01,86.67170543644696
1912-07-01,87.16438225225212
1912-08-01,87.65550453224002
1912-09-01,88.15377365759382
1912-10-01,88.66286220955496
1912-11-01,89.18724630116576
1912-12-01,89.7418933552775
1913-01-01,90.29998970698944
1913-02-01,90.8775030717054
1913-03-01,91.46502248644362
1913-04-01,92.05178809130916
1913-05-01,92.65343376510857
1913-06-01,93.28579408291576
1913-07-01,93.90869601990104
1913-08-01,94.51393381327499
1913-09-01,95.11197186575077
1913-10-01,95.72782249943215
1913-11-01,96.35794244742735
1913-12-01,96.98723935473814
1914-01-01,97.58681427656515
1914-02-01,98.17355558414431
1914-03-01,98.76596178486929
1914-04-01,99.36716681156072
1914-05-01,99.95948421029439
1914-06-01,100.54859008140646
1914-07-01,101.16605870141018
1914-08-01,101.77696485298874
1914-09-01,102.38148472025524
1914-10-01,102.97936771908877
1914-11-01,103.57079528467048
1914-12-01,104.18161620519814
1915-01-01,104.81998395155352
1915-02-01,105.50669768289232
1915-03-01,106.21517671648682
1915-04-01,106.911030861642
1915-05-01,107.66159973879478
1915-06-01,108.44243524603871
1915-07-01,109.26621551986155
1915-08-01,110.09474308673947
1915-09-01,110.93183815278827
1915-10-01,111.7609251344982
1915-11-01,112.5977095395184
1915-12-01,113.46893910884306
1916-01-01,114.41546012243033
1916-02-01,115.43958704798018
1916-03-01,116.53276495563152
1916-04-01,117.70701692011794
1916-05-01,118.92551606007775
1916-06-01,120.20099349529953
1916-07-01,121.5675350311715
1916-08-01,122.99841468078512
1916-09-01,124.4461361341842
1916-10-01,125.92341695249122
1916-11-01,127.43983575008865
1916-12-01,129.09661988620525
1917-01-01,130.79347345989353
1917-02-01,132.58910049805792
1917-03-01,134.33185944256445
1917-04-01,136.0975253132606
1917-05-01,137.92384744575205
1917-06-01,139.71135194867782
1917-07-01,141.54483425771556
1917-08-01,143.4290839150334
1917-09-01,145.40469113149393
1917-10-01,147.4902432131275
1917-11-01,149.7621200340321
1917-12-01,152.1124357910006
1918-01-01,154.32080448715334
1918-02-01,156.45348558841306
1918-03-01,158.61563989449948
1918-04-01,160.78607831670118
1918-05-01,162.87312502382346
1918-06-01,164.9421433803253
1918-07-01,166.9754538263352
1918-08-01,168.9718126717003
1918-09-01,170.95784714127834
1918-10-01,172.83981375445842
1918-11-01,174.6515518441278
1918-12-01,176.4753984590414
1919-01-01,178.3206033781029
1919-02-01,180.16886833848955
1919-03-01,181.97127798573334
1919-04-01,183.7243731493724
1919-05-01,185.37064889443846
1919-06-01,186.98144702525565
1919-07-01,188.5458834963505
1919-08-01,190.22812728200674
1919-09-01,191.89154217604317
1919-10-01,193.47952249858574
1919-11-01,195.11973547331095
1919-12-01,196.81524933734738
1920-01-01,198.52193724349848
1920-02-01,200.37658912357603
1920-03-01,202.1051656343039
1920-04-01,203.84146430813811
1920-05-01,205.687854383393
1920-06-01,207.5591048781473
1920-07-01,209.42698739144956
1920-08-01,211.36397395629834
1920-09-01,213.2278537971828
1920-10-01,215.0807200971236
1920-11-01,217.02258286434213
1920-12-01,219.1477550428022
1921-01-01,221.09262329841815
1921-02-01,222.9593290000259
1921-03-01,224.77555031804502
1921-04-01,226.48305221957983
1921-05-01,228.0402789262601
1921-06-01,229.62125701088476
1921-07-01,231.0931881455699
1921-08-01,232.46678056203191
1921-09-01,233.6905475685703
1921-10-01,234.78031882192124
1921-11-01,235.70189331878856
1921-12-01,236.4810216187978
1922-01-01,237.35377413436763
1922-02-01,238.29970819356726
1922-03-01,239.30012678380052
1922-04-01,240.3280482906038
1922-05-01,241.4001755581386
1922-06-01,242.56703642220543
1922-07-01,243.81020491555418
1922-08-01,245.09125895567374
1922-09-01,246.42096413663987
1922-10-01,247.80286725539625
1922-11-01,249.34392986270595
1922-12-01,250.9774723801503
1923-01-01,252.65602690382704
1923-02-01,254.33102045264582
1923-03-01,256.0443795233319
1923-04-01,257.8885482032752
1923-05-01,259.89890483099015
1923-06-01,262.06689703011415
1923-07-01,264.39513883031066
1923-08-01,266.7978572856934
1923-09-01,269.2737097103936
1923-10-01,271.87689715925666
1923-11-01,274.4961350895
1923-12-01,277.119377970707
1924-01-01,279.67112178259197
1924-02-01,282.2237972278511
1924-03-01,284.8398873022657
1924-04-01,287.5311182858472
1924-05-01,290.2446999986241
1924-06-01,292.9202595487589
1924-07-01,295.48973550971294
1924-08-01,297.98458298953153
1924-09-01,300.51588253922176
1924-10-01,303.08967392787565
1924-11-01,305.5371034654069
1924-12-01,307.86873581785966
1925-01-01,310.1884218924367
1925-02-01,312.570821446142
1925-03-01,315.1021692064768
1925-04-01,317.7518679048158
1925-05-01,320.4051066147759
1925-06-01,323.0993977904804
1925-07-01,325.80814525686606
1925-08-01,328.56736057916333
1925-09-01,331.3499432398947
1925-10-01,334.1306577685947
1925-11-01,336.90952218782786
1925-12-01,339.72554962169465
1926-01-01,342.5202645741601
1926-02-01,345.33241781368525
1926-03-01,348.37445813973955
1926-04-01,351.5265976451661
1926-05-01,354.6832660866636
1926-06-01,357.7209781977176
1926-07-01,360.66082844589084
1926-08-01,363.50695240774286
1926-09-01,366.3327216273304
1926-10-01,369.245672658082
1926-11-01,372.14035494608834
1926-12-01,374.9906946745357
1927-01-01,377.8575960099679
1927-02-01,380.66402497617383
1927-03-01,383.4272655755944
1927-04-01,386.1191166397308
1927-05-01,388.7160975157043
1927-06-01,391.2727674546395
1927-07-01,393.7655857997889
1927-08-01,396.12629075062694
1927-09-01,398.3537215353246
1927-10-01,400.6073633181676
1927-11-01,402.80078952994035
1927-12-01,404.93472039204
1928-01-01,407.1160106333244
1928-02-01,409.37776624795396
1928-03-01,411.5773029245495
1928-04-01,413.69839807464507
1928-05-01,415.8043764806451
1928-06-01,418.072070505954
1928-07-01,420.377784550218
1928-08-01,422.66294319639223
1928-09-01,424.84521778951694
1928-10-01,427.03333695818975
1928-11-01,429.12786970764137
1928-12-01,431.259017252872
1929-01-01,433.2814287012535
1929-02-01,435.3306219887168
1929-03-01,437.38251971679335
1929-04-01,439.48330031101426
1929-05-01,441.59052748933715
1929-06-01,443.69454181890325
1929-07-01,445.66022736656805
1929-08-01,447.55214546542425
1929-09-01,449.4012288626537
1929-10-01,451.5039858758609
1929-11-01,454.4116622403371
1929-12-01,457.2609954623106
1930-01-01,459.9945021305453
1930-02-01,462.4917578424375
1930-03-01,464.82616001204406
1930-04-01,466.9521486692524
1930-05-01,469.13457598589684
1930-06-01,471.478373827553
1930-07-01,473.7854709787937
1930-08-01,476.03260373813157
1930-09-01,478.1897208476935
1930-10-01,480.5845011003361
1930-11-01,483.04903700341475
1930-12-01,485.5664908131052
1931-01-01,487.9467187092479
1931-02-01,490.09815926793067
1931-03-01,492.1484360386299
1931-04-01,494.34631222672664
1931-05-01,496.70303568318513
1931-06-01,499.06020650552375
1931-07-01,501.2653152299207
1931-08-01,503.45922854937936
1931-09-01,505.9417691240804
1931-10-01,508.69744324784983
1931-11-01,511.3093627551811
1931-12-01,514.3880559316935
1932-01-01,517.4520781852775
1932-02-01,520.4738726152312
1932-03-01,523.4144029689896
1932-04-01,527.1875748473706
1932-05-01,531.3876033276714
1932-06-01,536.12367822364
1932-07-01,540.5210181040832
1932-08-01,543.3718673556871
1932-09-01,545.8930805486887
1932-10-01,548.7256515353464
1932-11-01,551.4936380745683
1932-12-01,554.2571860705323
1933-01-01,556.9441028151053
1933-02-01,560.0259094929224
1933-03-01,563.1538468783834
1933-04-01,566.0154009783753
1933-05-01,568.2625639169904
1933-06-01,570.1993824715814
1933-07-01,572.0081611242638
1933-08-01,573.9294568421338
1933-09-01,575.884790232847
1933-10-01,578.0711409930324
1933-11-01,580.226514374811
1933-12-01,582.3603276815734
1934-01-01,584.4054194349151
1934-02-01,586.334150192126
1934-03-01,588.3931969339161
1934-04-01,590.4439190757463
1934-05-01,592.7550350890378
1934-06-01,595.0654304549913
1934-07-01,597.5227538381057
1934-08-01,600.1121226794912
1934-09-01,602.800797064256
1934-10-01,605.5044246076012
1934-11-01,608.1685588235797
1934-12-01,610.8500780423786
1935-01-01,613.98264254516
1935-02-01,617.6849016053696
1935-03-01,622.1531083588807
1935-04-01,626.4916934938799
1935-05-01,630.6850783231563
1935-06-01,634.8930118588058
1935-07-01,638.8354672230557
1935-08-01,642.4718257568846
1935-09-01,645.975707878159
1935-10-01,649.40882707394
1935-11-01,652.5625218441127
1935-12-01,655.7315317598282
1936-01-01,658.7894105686318
1936-02-01,661.7330629840412
1936-03-01,664.6647175249948
1936-04-01,667.7164379911334
1936-05-01,671.0724715556245
1936-06-01,674.4231429734176
1936-07-01,677.6736882933203
1936-08-01,680.9474742271045
1936-09-01,684.2717637907987
1936-10-01,687.535796245439
1936-11-01,690.8135222000798
1936-12-01,694.2545140420805
1937-01-01,697.7085165995038
1937-02-01,701.1755634917693
1937-03-01,704.7603056364102
1937-04-01,708.6626329101445
1937-05-01,712.842053958211
1937-06-01,717.2850984231712
1937-07-01,721.5668862599858
1937-08-01,725.8897168750109
1937-09-01,731.0247601466224
1937-10-01,736.9277378609846
1937-11-01,743.2849474698612
1937-12-01,749.6378102687489
1938-01-01,755.5873166994533
1938-02-01,761.4228690372619
1938-03-01,767.3920041034054
1938-04-01,773.232125900235
1938-05-01,778.6333002918266
1938-06-01,783.5266719628411
1938-07-01,787.3674889822668
1938-08-01,790.9392885149391
1938-09-01,794.4174736007567
1938-10-01,797.5941269660827
1938-11-01,800.8143874916241
1938-12-01,804.1797194276285
1939-01-01,807.73677763458
1939-02-01,811.4638760917348
1939-03-01,815.3390617464232
1939-04-01,819.899123613014
1939-05-01,824.4209586208069
1939-06-01,828.988893896853
1939-07-01,833.5699554236925
1939-08-01,838.3441246987422
1939-09-01,842.7741824280739
1939-10-01,847.3465249976707
1939-11-01,852.1962647240767
1939-12-01,857.3648495416658
1940-01-01,862.7652328217216
1940-02-01,868.4130806406645
1940-03-01,874.3110233236356
1940-04-01,880.287992309988
1940-05-01,887.3825119127442
1940-06-01,895.3339681126791
1940-07-01,903.2043440630367
1940-08-01,911.0774642170032
1940-09-01,918.7932286497353
1940-10-01,926.4269377611489
1940-11-01,933.8788918937192
1940-12-01,941.6379388519589
1941-01-01,949.4692590353585
1941-02-01,957.9225109854596
1941-03-01,966.4237757261897
1941-04-01,975.3622124236201
1941-05-01,984.6726573684809
1941-06-01,993.8409316456548
1941-07-01,1002.9121340155493
1941-08-01,1012.3771409428383
1941-09-01,1022.1756033987311
1941-10-01,1032.4014497712674
1941-11-01,1043.1422055949383
1941-12-01,1054.6559164734697
1942-01-01,1065.6832681722722
1942-02-01,1076.7702767882965
1942-03-01,1088.1719103841067
1942-04-01,1099.9639770332626
1942-05-01,1111.523077254293
1942-06-01,1122.4203623254134
1942-07-01,1132.8828936670002
1942-08-01,1143.3609078518596
1942-09-01,1153.6837762867808
1942-10-01,1163.6879713638425
1942-11-01,1173.9280978277975
1942-12-01,1184.5154724474564
1943-01-01,1194.7232927891268
1943-02-01,1204.5612645676933
1943-03-01,1214.2598254740356
1943-04-01,1223.8149075127044
1943-05-01,1233.1627146278336
1943-06-01,1242.5048564053172
1943-07-01,1251.6678715705482
1943-08-01,1261.3258026783456
1943-09-01,1270.795215611366
1943-10-01,1280.0038765940571
1943-11-01,1289.2954262209014
1943-12-01,1298.094876304309
1944-01-01,1306.6462259505827
1944-02-01,1315.281212905054
1944-03-01,1323.7060221089039
1944-04-01,1332.3037489347607
1944-05-01,1340.7789636226407
1944-06-01,1348.8930943635185
1944-07-01,1356.7924448809904
1944-08-01,1364.7942875613453
1944-09-01,1372.9180630825438
1944-10-01,1380.9807719331577
1944-11-01,1389.2422027295993
1944-12-01,1397.4586813357596
1945-01-01,1405.5740046884644
1945-02-01,1413.5584059875355
1945-03-01,1421.6767060448954
1945-04-01,1429.752579176257
1945-05-01,1437.685072402934
1945-06-01,1445.6245746803968
1945-07-01,1453.74788651834
1945-08-01,1461.8621301358792
1945-09-01,1469.4759953970035
1945-10-01,1476.7477491351124
1945-11-01,1483.751864811147
1945-12-01,1490.6020580928234
1946-01-01,1497.0818096929488
1946-02-01,1503.433989808754
1946-03-01,1509.8655178281274
1946-04-01,1515.800523794433
1946-05-01,1521.6108600555278
1946-06-01,1527.3432698658637
1946-07-01,1533.384020023536
1946-08-01,1539.6880161591369
1946-09-01,1547.2533071190383
1946-10-01,1555.5291592110314
1946-11-01,1564.3834918568136
1946-12-01,1573.519111407484
1947-01-01,1583.2610573671636
1947-02-01,1593.2791607420506
1947-03-01,1604.3991995523666
1947-04-01,1616.5537389429148
1947-05-01,1629.5443668675605
1947-06-01,1642.7155951804248
1947-07-01,1655.5332886509339
1947-08-01,1669.0324185323013
1947-09-01,1683.3416813798005
1947-10-01,1697.5976238034098
1947-11-01,1712.3337142878145
1947-12-01,1727.6114954645436
1948-01-01,1743.5724294581184
1948-02-01,1760.849207395674
1948-03-01,1778.4015320307985
1948-04-01,1795.3386894787109
1948-05-01,1812.111285606128
1948-06-01,1828.815851292025
1948-07-01,1846.7243496399688
1948-08-01,1866.0334708198095
1948-09-01,1886.467477289584
1948-10-01,1907.28941412501
1948-11-01,1930.3243104308676
1948-12-01,1954.5868080481484
1949-01-01,1979.1913751182408
1949-02-01,2005.412776484407
1949-03-01,2032.108899707043
1949-04-01,2059.2471061668057
1949-05-01,2087.0147316544917
1949-06-01,2116.8975313631754
1949-07-01,2145.5352144173307
1949-08-01,2173.5155901922044
1949-09-01,2201.4671795722484
1949-10-01,2228.8078052499964
1949-11-01,2255.843319627119
1949-12-01,2282.208949823789
1950-01-01,2308.550235024895
1950-02-01,2334.867497166081
1950-03-01,2361.448411295932
1950-04-01,2388.222202807224
1950-05-01,2415.008005889405
1950-06-01,2442.2777439866204
1950-07-01,2472.7452807130003
1950-08-01,2502.4800724483657
1950-09-01,2532.229003409473
1950-10-01,2561.5372094674535
1950-11-01,2591.687129541223
1950-12-01,2622.7625147875206
1951-01-01,2651.9822397740127
1951-02-01,2680.461430493235
1951-03-01,2709.6985752411983
1951-04-01,2738.463952897687
1951-05-01,2767.1329641298657
1951-06-01,2796.248420402276
1951-07-01,2824.3910172259707
1951-08-01,2850.926069999608
1951-09-01,2876.335393261637
1951-10-01,2901.8619764464224
1951-11-01,2928.0899408033133
1951-12-01,2953.5338923222857
1952-01-01,2978.220735287199
1952-02-01,3003.442794359753
1952-03-01,3028.6733285865653
1952-04-01,3053.9882176586693
1952-05-01,3079.2863307936814
1952-06-01,3103.912740988768
1952-07-01,3128.1091296774857
1952-08-01,3152.471350313603
1952-09-01,3177.4909642049806
1952-10-01,3203.4000555634684
1952-11-01,3228.848101762733
1952-12-01,3253.647242329267
1953-01-01,3278.613841794654
1953-02-01,3304.172103735679
1953-03-01,3329.9055313348663
1953-04-01,3357.489241833001
1953-05-01,3385.468318848276
1953-06-01,3415.0408932616956
1953-07-01,3444.5929951417725
1953-08-01,3474.462861558194
1953-09-01,3506.1757390824564
1953-10-01,3537.094396393589
1953-11-01,3567.4505103344877
1953-12-01,3597.5099180723923
1954-01-01,3627.2217608050682
1954-02-01,3656.6826263086837
1954-03-01,3685.9267292062254
1954-04-01,3714.5264089797065
1954-05-01,3742.514100427715
1954-06-01,3770.7381886662347
1954-07-01,3798.086159283193
1954-08-01,3825.1380550045833
1954-09-01,3851.7903547189408
1954-10-01,3878.494392119932
1954-11-01,3904.8142509155336
1954-12-01,3930.598814114923
1955-01-01,3956.67762790284
1955-02-01,3982.6400795294994
1955-03-01,4009.557084662843
1955-04-01,4036.52478095463
1955-05-01,4064.5562030445926
1955-06-01,4091.982358260818
1955-07-01,4118.293973218771
1955-08-01,4145.53136722154
1955-09-01,4172.332061346324
1955-10-01,4201.2343338688115
1955-11-01,4228.954275369661
1955-12-01,4257.079802606757
1956-01-01,4286.350153284746
1956-02-01,4315.821757749024
1956-03-01,4343.766731575423
1956-04-01,4371.335700422691
1956-05-01,4399.750519068185
1956-06-01,4428.283272110131
1956-07-01,4455.160446619176
1956-08-01,4482.005231185452
1956-09-01,4509.590196911607
1956-10-01,4537.572265643995
1956-11-01,4565.896686777853
1956-12-01,4593.832912223141
1957-01-01,4622.530019370962
1957-02-01,4652.695315764664
1957-03-01,4682.635440061734
1957-04-01,4712.152809199793
1957-05-01,4740.794632742219
1957-06-01,4769.216662914534
1957-07-01,4797.363597893964
1957-08-01,4827.490221844567
1957-09-01,4859.2416702913215
1957-10-01,4892.9864041127885
1957-11-01,4927.366578396886
1957-12-01,4961.670160814018
1958-01-01,4994.774445313712
1958-02-01,5027.216472108424
1958-03-01,5058.456942355182
1958-04-01,5089.025330936008
1958-05-01,5118.132087575998
1958-06-01,5146.0633912628355
1958-07-01,5173.239475923075
1958-08-01,5199.414539047559
1958-09-01,5224.90186521936
1958-10-01,5249.542979467706
1958-11-01,5273.592562477912
1958-12-01,5297.334650369493
1959-01-01,5320.853273395463
1959-02-01,5345.4322334536455
1959-03-01,5370.097387723919
1959-04-01,5395.2241769234515
1959-05-01,5420.842525341892
1959-06-01,5447.572518070402
1959-07-01,5473.483726775075
1959-08-01,5499.743003913701
1959-09-01,5527.302349493545
1959-10-01,5554.916769704844
1959-11-01,5582.4381567921655
1959-12-01,5609.143276179805
1960-01-01,5636.446348980525
1960-02-01,5664.999775267153
1960-03-01,5694.086855649506
1960-04-01,5722.585788860965
1960-05-01,5751.107448494443
1960-06-01,5778.400099635742
1960-07-01,5806.543486055163
1960-08-01,5834.513348704754
1960-09-01,5863.523458831568
1960-10-01,5893.263383049622
1960-11-01,5922.22006240816
1960-12-01,5950.632171707757
1961-01-01,5977.2927101114665
1961-02-01,6002.5261308735035
1961-03-01,6026.632661519582
1961-04-01,6050.057073294767
1961-05-01,6073.184202779839
1961-06-01,6096.549792972129
1961-07-01,6120.125004855238
1961-08-01,6143.026235976534
1961-09-01,6166.242510488917
1961-10-01,6189.642034284033
1961-11-01,6212.455103848694
1961-12-01,6235.474427636484
1962-01-01,6259.927268529175
1962-02-01,6284.522299444347
1962-03-01,6309.628253021546
1962-04-01,6335.918370742469
1962-05-01,6364.72323694879
1962-06-01,6397.810797964327
1962-07-01,6430.479358002953
1962-08-01,6462.625325599448
1962-09-01,6495.403908098938
1962-10-01,6529.880574277808
1962-11-01,6562.720448419216
1962-12-01,6594.758724382989
1963-01-01,6625.87781991141
1963-02-01,6656.845654179084
1963-03-01,6688.186735413448
1963-04-01,6718.60971001049
1963-05-01,6748.922874195702
1963-06-01,6779.722996841721
1963-07-01,6811.4632730441635
1963-08-01,6842.80628460796
1963-09-01,6873.797255099844
1963-10-01,6905.013409755156
1963-11-01,6936.699411084796
1963-12-01,6968.030483402253
1964-01-01,6998.966509345256
1964-02-01,7030.073027164568
1964-03-01,7061.152041431432
1964-04-01,7092.285868774605
1964-05-01,7123.623293079901
1964-06-01,7155.65973530458
1964-07-01,7187.0276983735985
1964-08-01,7219.331850200161
1964-09-01,7251.57252477233
1964-10-01,7283.59678075525
1964-11-01,7315.728405868869
1964-12-01,7348.771442932414
1965-01-01,7381.432649345447
1965-02-01,7414.309153217466
1965-03-01,7447.616921201372
1965-04-01,7481.002329670088
1965-05-01,7514.42950719319
1965-06-01,7550.069943102852
1965-07-01,7586.270892197132
1965-08-01,7622.334168923683
1965-09-01,7657.721049930757
1965-10-01,7692.977592517916
1965-11-01,7728.593229520313
1965-12-01,7765.041980838556
1966-01-01,7801.374761957958
1966-02-01,7838.48175759132
1966-03-01,7877.736974726693
1966-04-01,7916.285305979025
1966-05-01,7957.490205552099
1966-06-01,7999.566613153368
1966-07-01,8042.108447939335
1966-08-01,8087.760743851797
1966-09-01,8135.493042859422
1966-10-01,8184.057351854524
1966-11-01,8230.674219887416
1966-12-01,8277.492617042633
1967-01-01,8322.54755181861
1967-02-01,8366.08462836087
1967-03-01,8408.569315687504
1967-04-01,8450.253676760713
1967-05-01,8491.09983722456
1967-06-01,8532.35882574363
1967-07-01,8573.035593600913
1967-08-01,8613.194088980343
1967-09-01,8652.893545511412
1967-10-01,8692.908776483995
1967-11-01,8734.49368260954
1967-12-01,8775.20254578352
1968-01-01,8816.493730358072
1968-02-01,8860.226338147546
1968-03-01,8905.302784719317
1968-04-01,8947.830496203173
1968-05-01,8989.933971152368
1968-06-01,9031.461751876464
1968-07-01,9073.484186977323
1968-08-01,9116.864776894025
1968-09-01,9159.308281441949
1968-10-01,9201.177490993246
1968-11-01,9242.826854975652
1968-12-01,9284.483727406587
1969-01-01,9328.319816771113
1969-02-01,9372.740387327165
1969-03-01,9418.523605319187
1969-04-01,9463.657415963808
1969-05-01,9507.641694714335
1969-06-01,9554.302676726087
1969-07-01,9603.541507259617
1969-08-01,9653.435218332246
1969-09-01,9703.556896516733
1969-10-01,9753.105287532444
1969-11-01,9802.244270238674
1969-12-01,9854.07508808046
1970-01-01,9906.179969045354
1970-02-01,9959.959447704667
1970-03-01,10012.65764584067
1970-04-01,10066.944447216947
1970-05-01,10128.22363182382
1970-06-01,10189.875833137576
1970-07-01,10251.186758728054
1970-08-01,10310.551982023906
1970-09-01,10366.308806499484
1970-10-01,10420.401421853792
1970-11-01,10474.037418466176
1970-12-01,10523.771689209132
1971-01-01,10572.170197713587
1971-02-01,10619.258074952648
1971-03-01,10665.63848233801
1971-04-01,10710.962460250377
1971-05-01,10757.402637410672
1971-06-01,10805.238828434376
1971-07-01,10853.96375100127
1971-08-01,10904.129972812147
1971-09-01,10953.757362093105
1971-10-01,11005.56287364292
1971-11-01,11061.012102147772
1971-12-01,11113.986298039283
1972-01-01,11165.411368824214
1972-02-01,11216.47892905484
1972-03-01,11266.894602054906
1972-04-01,11317.482311295455
1972-05-01,11369.302285248272
1972-06-01,11421.676075027379
1972-07-01,11475.178398781487
1972-08-01,11527.576473661768
1972-09-01,11581.4839581065
1972-10-01,11636.38291505619
1972-11-01,11689.692347505597
1972-12-01,11742.924097721925
1973-01-01,11797.019012489394
1973-02-01,11854.475758118117
1973-03-01,11914.23818884063
1973-04-01,11976.721082635682
1973-05-01,12042.686719794945
1973-06-01,12111.897563012159
1973-07-01,12182.331952189945
1973-08-01,12256.057030574053
1973-09-01,12330.444363850178
1973-10-01,12403.892328848093
1973-11-01,12485.027155698222
1973-12-01,12574.564068748268
1974-01-01,12664.279851202238
1974-02-01,12757.922855130086
1974-03-01,12849.102978451485
1974-04-01,12947.427917068348
1974-05-01,13051.07367368913
1974-06-01,13156.97333024292
1974-07-01,13279.47773741464
1974-08-01,13410.284255710685
1974-09-01,13559.685818274307
1974-10-01,13706.817825851069
1974-11-01,13849.597178203685
1974-12-01,14002.665228360665
1975-01-01,14143.254236677538
1975-02-01,14269.713949094183
1975-03-01,14389.708180082194
1975-04-01,14507.041090878689
1975-05-01,14616.05101792166
1975-06-01,14720.960944837547
1975-07-01,14825.632168848053
1975-08-01,14938.46041975253
1975-09-01,15052.56415042586
1975-10-01,15163.375135043249
1975-11-01,15274.121374709064
1975-12-01,15388.380212042315
1976-01-01,15496.871330288523
1976-02-01,15605.02928206329
1976-03-01,15716.461939033179
1976-04-01,15830.250397902519
1976-05-01,15948.24570498289
1976-06-01,16068.956011560116
1976-07-01,16189.160649587944
1976-08-01,16312.59127363177
1976-09-01,16435.612323960817
1976-10-01,16565.558657957976
1976-11-01,16699.065739340618
1976-12-01,16830.720309975597
1977-01-01,16965.452300929614
1977-02-01,17105.70901638042
1977-03-01,17248.542258000165
1977-04-01,17396.420706714158
1977-05-01,17547.74656533206
1977-06-01,17701.189609799814
1977-07-01,17855.974408766233
1977-08-01,18017.537695128576
1977-09-01,18184.55231966629
1977-10-01,18358.73385529528
1977-11-01,18534.381902131245
1977-12-01,18713.561928253937
1978-01-01,18901.902929947315
1978-02-01,19094.937069346284
1978-03-01,19290.662131557707
1978-04-01,19481.81019072891
1978-05-01,19667.351240164422
1978-06-01,19855.735830587455
1978-07-01,20048.809885727358
1978-08-01,20233.01431319637
1978-09-01,20420.77428269522
1978-10-01,20620.74269517755
1978-11-01,20839.925759539554
1978-12-01,21062.860352602667
1979-01-01,21285.606337719022
1979-02-01,21519.926090446002
1979-03-01,21758.083749702822
1979-04-01,21998.239199478794
1979-05-01,22251.092523610736
1979-06-01,22506.14860480756
1979-07-01,22765.55557351212
1979-08-01,23020.203846146484
1979-09-01,23278.741625191255
1979-10-01,23551.582009921578
1979-11-01,23831.558020500768
1979-12-01,24105.4839747594
1980-01-01,24377.309459364267
1980-02-01,24644.25327735993
1980-03-01,24944.061711391074
1980-04-01,25250.198943980555
1980-05-01,25544.49030696401
1980-06-01,25822.02714211138
1980-07-01,26088.67343643306
1980-08-01,26348.107340932194
1980-09-01,26602.236462661862
1980-10-01,26852.445609225648
1980-11-01,27095.938949896903
1980-12-01,27346.548818097945
1981-01-01,27599.19616490225
1981-02-01,27861.745595694694
1981-03-01,28115.773181359305
1981-04-01,28372.397617114682
1981-05-01,28639.256134958123
1981-06-01,28910.15337422182
1981-07-01,29191.928748239578
1981-08-01,29476.78363454168
1981-09-01,29793.738297278687
1981-10-01,30110.827891758025
1981-11-01,30423.700168272553
1981-12-01,30738.2545538006
1982-01-01,31069.62857874455
1982-02-01,31408.52068802405
1982-03-01,31758.43736235587
1982-04-01,32090.49965179916
1982-05-01,32421.056920565123
1982-06-01,32770.12084089851
1982-07-01,33118.88755908602
1982-08-01,33465.17454736588
1982-09-01,33774.00783037959
1982-10-01,34055.1767267364
1982-11-01,34321.149678366644
1982-12-01,34580.451202077486
1983-01-01,34831.470737516494
1983-02-01,35078.502444874764
1983-03-01,35317.52194913256
1983-04-01,35550.36426156092
1983-05-01,35776.68438036383
1983-06-01,36002.205588006065
1983-07-01,36232.634451216545
1983-08-01,36475.5456502727
1983-09-01,36717.36178425754
1983-10-01,36964.51688512088
1983-11-01,37221.64346334236
1983-12-01,37486.302475453725
1984-01-01,37757.470751462504
1984-02-01,38054.586511231646
1984-03-01,38362.17288781774
1984-04-01,38678.06693333665
1984-05-01,39004.96067009575
1984-06-01,39348.9197588973
1984-07-01,39703.03170777146
1984-08-01,40033.890305336216
1984-09-01,40366.508204184145
1984-10-01,40704.92628101332
1984-11-01,41043.79513117161
1984-12-01,41389.630951285966
1985-01-01,41722.559128178546
1985-02-01,42039.21485926673
1985-03-01,42359.14800127028
1985-04-01,42674.32023342259
1985-05-01,42979.57288173034
1985-06-01,43275.57544978633
1985-07-01,43565.70400603323
1985-08-01,43861.82760585673
1985-09-01,44164.15616669114
1985-10-01,44461.1978412048
1985-11-01,44739.149815705954
1985-12-01,45001.888539077496
1986-01-01,45264.50460198061
1986-02-01,45514.64001644779
1986-03-01,45751.69543320012
1986-04-01,45985.31315906409
1986-05-01,46220.700716184605
1986-06-01,46451.61948475068
1986-07-01,46689.39394976271
1986-08-01,46924.486567838045
1986-09-01,47168.1235697479
1986-10-01,47411.96209109688
1986-11-01,47647.420782451154
1986-12-01,47878.67403804449
1987-01-01,48100.21148963641
1987-02-01,48312.74335376523
1987-03-01,48520.593738181706
1987-04-01,48728.47974391513
1987-05-01,48934.18930041595
1987-06-01,49129.30169794551
1987-07-01,49326.039250796486
1987-08-01,49517.93949687024
1987-09-01,49723.33994276733
1987-10-01,49965.94015716412
1987-11-01,50254.09436798975
1987-12-01,50558.22226903059
1988-01-01,50858.73476468579
1988-02-01,51158.04464442146
1988-03-01,51456.37707178571
1988-04-01,51776.618402827444
1988-05-01,52124.2991603001
1988-06-01,52472.07270687269
1988-07-01,52829.90189881809
1988-08-01,53203.62786018493
1988-09-01,53579.67838223883
1988-10-01,53951.14037878791
1988-11-01,54339.7253714326
1988-12-01,54728.7554786164
1989-01-01,55114.604008499475
1989-02-01,55498.30356300031
1989-03-01,55892.579661060845
1989-04-01,56278.47153941669
1989-05-01,56653.96174184141
1989-06-01,57021.653601536644
1989-07-01,57375.47374053849
1989-08-01,57709.362670592825
1989-09-01,58037.40588722876
1989-10-01,58363.312254520024
1989-11-01,58694.17003374066
1989-12-01,59015.11365815963
1990-01-01,59340.15834673729
1990-02-01,59670.48654951361
1990-03-01,59988.831014673204
1990-04-01,60307.24306889122
1990-05-01,60614.24389901182
1990-06-01,60912.24903125869
1990-07-01,61214.21338299009
1990-08-01,61546.9716640457
1990-09-01,61900.446116515515
1990-10-01,62263.45600460204
1990-11-01,62616.90432433753
1990-12-01,62955.520506061184
1991-01-01,63297.29857612666
1991-02-01,63604.14993629792
1991-03-01,63902.25712572564
1991-04-01,64188.86574218476
1991-05-01,64470.69251484978
1991-06-01,64746.34965746502
1991-07-01,65014.250806329066
1991-08-01,65269.56910198698
1991-09-01,65519.874245038016
1991-10-01,65762.6483455458
1991-11-01,65998.15417689354
1991-12-01,66224.20621887496
1992-01-01,66437.03629413807
1992-02-01,66653.30268832472
1992-03-01,66874.06746935389
1992-04-01,67099.41477852411
1992-05-01,67325.33873400735
1992-06-01,67559.59530580278
1992-07-01,67795.35603760695
1992-08-01,68034.74641909567
1992-09-01,68279.12410019874
1992-10-01,68532.79895567578
1992-11-01,68785.94907002152
1992-12-01,69037.13936022756
1993-01-01,69292.83246896915
1993-02-01,69548.90354239475
1993-03-01,69804.33509646554
1993-04-01,70062.525417136
1993-05-01,70318.2653989477
1993-06-01,70571.06330446592
1993-07-01,70829.90669980213
1993-08-01,71090.50238302437
1993-09-01,71353.80053999854
1993-10-01,71621.76584171102
1993-11-01,71897.70113929814
1993-12-01,72179.12317287923
1994-01-01,72460.98479101762
1994-02-01,72748.25479098201
1994-03-01,73045.1379724666
1994-04-01,73365.51138462654
1994-05-01,73695.98666113387
1994-06-01,74036.2266734198
1994-07-01,74390.39920821419
1994-08-01,74745.85792002713
1994-09-01,75110.3296282387
1994-10-01,75493.85868067048
1994-11-01,75896.62147772912
1994-12-01,76321.66976109454
1995-01-01,76748.81140963436
1995-02-01,77172.08965477905
1995-03-01,77596.57859677453
1995-04-01,78018.94185933046
1995-05-01,78438.39853599352
1995-06-01,78855.53530761653
1995-07-01,79264.45220923248
1995-08-01,79677.03003668007
1995-09-01,80080.66240768656
1995-10-01,80478.8359478998
1995-11-01,80865.82784993817
1995-12-01,81238.13829123623
1996-01-01,81612.57661300631
1996-02-01,81968.6524271992
1996-03-01,82327.97494353795
1996-04-01,82691.93592914156
1996-05-01,83052.72098991444
1996-06-01,83414.13404905245
1996-07-01,83794.8119152858
1996-08-01,84170.2366998525
1996-09-01,84544.32664074074
1996-10-01,84915.13509091942
1996-11-01,85278.95315043493
1996-12-01,85649.28037446842
1997-01-01,86014.74069352658
1997-02-01,86371.52989500959
1997-03-01,86737.07725363075
1997-04-01,87118.70818135703
1997-05-01,87471.13014001948
1997-06-01,87808.43975802048
1997-07-01,88129.37703783782
1997-08-01,88451.06406162902
1997-09-01,88770.7050852689
1997-10-01,89084.42683069324
1997-11-01,89400.86767621289
1997-12-01,89708.34073879445
1998-01-01,90016.10916454851
1998-02-01,90306.2964926096
1998-03-01,90582.6653764773
1998-04-01,90849.77632651408
1998-05-01,91117.2962803613
1998-06-01,91384.28320101403
1998-07-01,91638.97741283402
1998-08-01,91911.71246465793
1998-09-01,92197.50759048088
1998-10-01,92479.9754446184
1998-11-01,92734.74121719309
1998-12-01,92979.60481356294
1999-01-01,93214.97238346361
1999-02-01,93452.7414182138
1999-03-01,93685.97677165849
1999-04-01,93915.59926374588
1999-05-01,94151.4022145939
1999-06-01,94394.76295232805
1999-07-01,94634.00353158677
1999-08-01,94889.3019116763
1999-09-01,95152.97119563671
1999-10-01,95429.64301232557
1999-11-01,95697.0428190178
1999-12-01,95965.91515779906
2000-01-01,96241.29944142452
2000-02-01,96530.20824138075
2000-03-01,96814.35462146252
2000-04-01,97097.43752971242
2000-05-01,97391.7792222361
2000-06-01,97679.98879616553
2000-07-01,97970.18484131161
2000-08-01,98262.07551239168
2000-09-01,98561.58196055185
2000-10-01,98871.52404218882
2000-11-01,99177.817487177
2000-12-01,99488.29149634048
2001-01-01,99789.22401750303
2001-02-01,100088.24482541837
2001-03-01,100407.81137977794
2001-04-01,100707.0716664368
2001-05-01,100969.16585669923
2001-06-01,101219.06479209349
2001-07-01,101456.93625475587
2001-08-01,101680.31127953516
2001-09-01,101909.94161214477
2001-10-01,102123.75065379497
2001-11-01,102318.85181276982
2001-12-01,102502.73300717131
2002-01-01,102687.74263284304
2002-02-01,102879.73975839993
2002-03-01,103063.2831462512
2002-04-01,103259.32530395158
2002-05-01,103467.12399449323
2002-06-01,103694.50427753317
2002-07-01,103960.71526612819
2002-08-01,104235.48193085524
2002-09-01,104536.14964151307
2002-10-01,104834.07528458624
2002-11-01,105106.82498612799
2002-12-01,105375.58540595547
2003-01-01,105654.97766761089
2003-02-01,105964.34454998266
2003-03-01,106280.61826222594
2003-04-01,106596.3657912284
2003-05-01,106910.92069500327
2003-06-01,107222.43270169033
2003-07-01,107545.58650730121
2003-08-01,107882.8891873517
2003-09-01,108223.17082117504
2003-10-01,108587.55860171773
2003-11-01,108978.4425419687
2003-12-01,109388.07433621757
2004-01-01,109789.11581713932
2004-02-01,110196.46635074401
2004-03-01,110621.41030551319
2004-04-01,111055.6284335769
2004-05-01,111515.14361246458
2004-06-01,111975.87383727232
2004-07-01,112454.15793874707
2004-08-01,112946.60038899556
2004-09-01,113433.01985664843
2004-10-01,113924.07189065989
2004-11-01,114397.57177382972
2004-12-01,114863.05668501882
2005-01-01,115341.89217228336
2005-02-01,115819.85459633559
2005-03-01,116306.3291200097
2005-04-01,116815.90819957512
2005-05-01,117330.1532612038
2005-06-01,117844.75919655994
2005-07-01,118361.62217549222
2005-08-01,118888.5168611025
2005-09-01,119425.79323881898
2005-10-01,119989.97404588066
2005-11-01,120545.17474015181
2005-12-01,121101.09235101767
2006-01-01,121659.57368449404
2006-02-01,122229.14097702444
2006-03-01,122801.37478309665
2006-04-01,123377.25817637696
2006-05-01,123966.11488779531
2006-06-01,124580.29500515459
2006-07-01,125205.32157050255
2006-08-01,125831.22299806956
2006-09-01,126456.50238088644
2006-10-01,127071.32395994558
2006-11-01,127685.5511639283
2006-12-01,128297.7757092099
2007-01-01,128913.64444821341
2007-02-01,129527.86993157635
2007-03-01,130165.81255338277
2007-04-01,130786.35895190196
2007-05-01,131394.5544455399
2007-06-01,132008.66247716048
2007-07-01,132607.8303351723
2007-08-01,133221.07409365903
2007-09-01,133803.84344664964
2007-10-01,134343.02721295625
2007-11-01,134881.00185340535
2007-12-01,135383.91386628157
2008-01-01,135909.6358058058
2008-02-01,136430.60190441745
2008-03-01,136951.88649063333
2008-04-01,137429.80345912382
2008-05-01,137873.52618758543
2008-06-01,138313.56680480612
2008-07-01,138767.8880727236
2008-08-01,139198.8977884421
2008-09-01,139636.96078500693
2008-10-01,140064.45576659217
2008-11-01,140398.0378752103
2008-12-01,140596.4074325111
2009-01-01,140761.636134895
2009-02-01,140900.52006035764
2009-03-01,141006.90503820515
2009-04-01,141104.9490550583
2009-05-01,141199.98458204925
2009-06-01,141295.40029224902
2009-07-01,141410.9850246631
2009-08-01,141537.76553840225
2009-09-01,141679.359941702
2009-10-01,141959.66890011783
2009-11-01,142374.6100578991
2009-12-01,142919.35527544538
2010-01-01,143494.7149987765
2010-02-01,144127.07316464456
2010-03-01,144762.2180314022
2010-04-01,145396.80604661963
2010-05-01,146097.17601794246
2010-06-01,146851.03141535184
2010-07-01,147629.50380411005
2010-08-01,148424.74999999514
2010-09-01,149217.10933162016
2010-10-01,149999.16965306472
2010-11-01,150786.3189480535
2010-12-01,151569.21780032793
2011-01-01,152344.11155186335
2011-02-01,153112.5947618707
2011-03-01,153908.0675110492
2011-04-01,154699.28726999968
2011-05-01,155499.0147682937
2011-06-01,156343.20051622146
2011-07-01,157177.83216535783
2011-08-01,158127.66194639093
2011-09-01,159103.75862507237
2011-10-01,160058.99252651975
2011-11-01,161004.96765965523
2011-12-01,161943.22504694926
2012-01-01,162850.77506402475
2012-02-01,163733.72222876138
2012-03-01,164603.35109124685
2012-04-01,165477.0419144488
2012-05-01,166383.0703962406
2012-06-01,167304.34985579897
2012-07-01,168200.94337056746
2012-08-01,169069.3910335712
2012-09-01,169913.55615756547
2012-10-01,170765.50940745298
2012-11-01,171648.29223110605
2012-12-01,172518.366705108
2013-01-01,173362.55522881667
2013-02-01,174196.67067930172
2013-03-01,175017.73341817476
2013-04-01,175842.1998465626
2013-05-01,176645.1322659533
2013-06-01,177472.12258555045
2013-07-01,178288.31152312196
2013-08-01,179117.86815593007
2013-09-01,179952.68297768588
2013-10-01,180792.32782174007
2013-11-01,181622.41197151848
2013-12-01,182461.39207116517
2014-01-01,183299.13950950844
2014-02-01,184144.92734408536
2014-03-01,184975.30670620696
2014-04-01,185815.3398883423
2014-05-01,186654.15958809105
2014-06-01,187478.02152130118
2014-07-01,188302.02829662335
2014-08-01,189142.06232721143
2014-09-01,189980.01227549784
2014-10-01,190835.77809655864
2014-11-01,191640.9923501306
2014-12-01,192436.31519354915
2015-01-01,193237.33215655928
2015-02-01,194012.63841621485
2015-03-01,194783.9990969409
2015-04-01,195541.7955453417
2015-05-01,196285.18740796848
2015-06-01,197024.65842743794
2015-07-01,197757.637067421
2015-08-01,198501.6462362224
2015-09-01,199272.8259030298
2015-10-01,200005.01588650653
2015-11-01,200709.1597250029
2015-12-01,201413.69903883678
2016-01-01,202170.4382146665
2016-02-01,202935.5397822364
2016-03-01,203658.55367628738
2016-04-01,204366.58647310385
2016-05-01,205081.85522038478
2016-06-01,205794.8362217072
2016-07-01,206494.24770968204
2016-08-01,207194.60806685773
2016-09-01,207907.49895616018
2016-10-01,208642.57001738265
2016-11-01,209387.19018161314
2016-12-01,210121.57286322655
2017-01-01,210863.84209052354
2017-02-01,211605.90234562816
2017-03-01,212353.09832848702
2017-04-01,213114.5480499747
2017-05-01,213876.4333211386
2017-06-01,214638.1015309717
2017-07-01,215403.79110549716
2017-08-01,216178.84792438566
2017-09-01,216952.6840065892
2017-10-01,217716.4943291022
2017-11-01,218478.48681940426
2017-12-01,219229.27199747783
2018-01-01,219960.91420812218
2018-02-01,220730.43881702272
2018-03-01,221516.18009146748
2018-04-01,222335.517937641
2018-05-01,223159.34896601524
2018-06-01,223986.23257712394
2018-07-01,224822.1268620065
2018-08-01,225659.64037289162
2018-09-01,226504.80756529944
2018-10-01,227393.06171261435
2018-11-01,228309.8213550616
2018-12-01,229291.03942861786
2019-01-01,230265.9162969368
2019-02-01,231197.41272208624
2019-03-01,232121.02015545988
2019-04-01,233018.21024573297
2019-05-01,233936.3277013899
2019-06-01,234848.57355890586
2019-07-01,235726.9718741322
2019-08-01,236633.4746116885
2019-09-01,237512.23825775093
2019-10-01,238410.27303640245
2019-11-01,239288.58969215106
2019-12-01,240163.95035096048
2020-01-01,240968.35800888838
2020-02-01,241728.41465161135
2020-03-01,242611.92493908072
2020-04-01,243421.60296918044
2020-05-01,244150.7594602216
2020-06-01,244800.99584953717
2020-07-01,245429.85167529123
2020-08-01,246024.22795078112
2020-09-01,246622.4777026311
2020-10-01,247204.68374064486
2020-11-01,247759.053770562
2020-12-01,248284.94749991025
2021-01-01,248860.32047798752
2021-02-01,249484.2181927839
2021-03-01,250165.86906216308
2021-04-01,250862.6322892747
2021-05-01,251607.91640183944
2021-06-01,252393.2095241922
2021-07-01,253185.10588941624
2021-08-01,253989.48098755264
2021-09-01,254824.4233971107
2021-10-01,255695.08221697234
2021-11-01,256564.08399177174
2021-12-01,257468.88045104587
2022-01-01,258397.29845353772
2022-02-01,259357.74038950837
2022-03-01,260331.74422152544
2022-04-01,261300.24029377816
2022-05-01,262346.6131925999
2022-06-01,263424.6318201172
2022-07-01,264493.8988757273
2022-08-01,265494.40537775384
2022-09-01,266569.45561009005
2022-10-01,267656.2521512271
2022-11-01,268666.8859382352
2022-12-01,269655.3586605981
2023-01-01,270635.35342241154
2023-02-01,271590.1775595214
2023-03-01,272575.4851257655
2023-04-01,273527.4810922567
2023-05-01,274477.22929049376
2023-06-01,275413.5003687121
