Date,SP500_Div_Yield_Month
1871-02-01,0.058600000000000006
1871-03-01,0.057800000000000004
1871-04-01,0.0564
1871-05-01,0.054900000000000004
1871-06-01,0.0535
1871-07-01,0.053899999999999997
1871-08-01,0.055
1871-09-01,0.054299999999999994
1871-10-01,0.0537
1871-11-01,0.056600000000000004
1871-12-01,0.055999999999999994
1872-01-01,0.054900000000000004
1872-02-01,0.0542
1872-03-01,0.0547
1872-04-01,0.0536
1872-05-01,0.0528
1872-06-01,0.053399999999999996
1872-07-01,0.0546
1872-08-01,0.0555
1872-09-01,0.056900000000000006
1872-10-01,0.058600000000000006
1872-11-01,0.059000000000000004
1872-12-01,0.0599
1873-01-01,0.0592
1873-02-01,0.0592
1873-03-01,0.0592
1873-04-01,0.0602
1873-05-01,0.061500000000000006
1873-06-01,0.061900000000000004
1873-07-01,0.0633
1873-08-01,0.0639
1873-09-01,0.0644
1873-10-01,0.0703
1873-11-01,0.0776
1873-12-01,0.08109999999999999
1874-01-01,0.0747
1874-02-01,0.0708
1874-03-01,0.0688
1874-04-01,0.0698
1874-05-01,0.0717
1874-06-01,0.0737
1874-07-01,0.07400000000000001
1874-08-01,0.07400000000000001
1874-09-01,0.0738
1874-10-01,0.0727
1874-11-01,0.0728
1874-12-01,0.0722
1875-01-01,0.0727
1875-02-01,0.0721
1875-03-01,0.0717
1875-04-01,0.0703
1875-05-01,0.0688
1875-06-01,0.071
1875-07-01,0.0719
1875-08-01,0.0712
1875-09-01,0.0703
1875-10-01,0.0704
1875-11-01,0.0709
1875-12-01,0.0692
1876-01-01,0.06860000000000001
1876-02-01,0.0673
1876-03-01,0.0664
1876-04-01,0.0665
1876-05-01,0.0691
1876-06-01,0.0718
1876-07-01,0.0723
1876-08-01,0.0732
1876-09-01,0.07629999999999999
1876-10-01,0.08130000000000001
1876-11-01,0.0817
1876-12-01,0.0833
1877-01-01,0.08380000000000001
1877-02-01,0.0819
1877-03-01,0.0843
1877-04-01,0.086
1877-05-01,0.08960000000000001
1877-06-01,0.08650000000000001
1877-07-01,0.0897
1877-08-01,0.0827
1877-09-01,0.07429999999999999
1877-10-01,0.06709999999999999
1877-11-01,0.0629
1877-12-01,0.0611
1878-01-01,0.058499999999999996
1878-02-01,0.0582
1878-03-01,0.0592
1878-04-01,0.0579
1878-05-01,0.056100000000000004
1878-06-01,0.0556
1878-07-01,0.054299999999999994
1878-08-01,0.0529
1878-09-01,0.053099999999999994
1878-10-01,0.0518
1878-11-01,0.052199999999999996
1878-12-01,0.0521
1879-01-01,0.052199999999999996
1879-02-01,0.0508
1879-03-01,0.049400000000000006
1879-04-01,0.0507
1879-05-01,0.0495
1879-06-01,0.0478
1879-07-01,0.048
1879-08-01,0.0475
1879-09-01,0.0475
1879-10-01,0.0462
1879-11-01,0.042
1879-12-01,0.04019999999999999
1880-01-01,0.0407
1880-02-01,0.0401
1880-03-01,0.0404
1880-04-01,0.0406
1880-05-01,0.0425
1880-06-01,0.0472
1880-07-01,0.048
1880-08-01,0.046900000000000004
1880-09-01,0.0462
1880-10-01,0.0473
1880-11-01,0.046900000000000004
1880-12-01,0.0455
1881-01-01,0.044500000000000005
1881-02-01,0.042800000000000005
1881-03-01,0.0438
1881-04-01,0.0441
1881-05-01,0.045
1881-06-01,0.0438
1881-07-01,0.0441
1881-08-01,0.04650000000000001
1881-09-01,0.0484
1881-10-01,0.048799999999999996
1881-11-01,0.0504
1881-12-01,0.0509
1882-01-01,0.053200000000000004
1882-02-01,0.0541
1882-03-01,0.0553
1882-04-01,0.0554
1882-05-01,0.0554
1882-06-01,0.055999999999999994
1882-07-01,0.056299999999999996
1882-08-01,0.0533
1882-09-01,0.0518
1882-10-01,0.0513
1882-11-01,0.0527
1882-12-01,0.055099999999999996
1883-01-01,0.0548
1883-02-01,0.0552
1883-03-01,0.056600000000000004
1883-04-01,0.056100000000000004
1883-05-01,0.055099999999999996
1883-06-01,0.0562
1883-07-01,0.0558
1883-08-01,0.056900000000000006
1883-09-01,0.059699999999999996
1883-10-01,0.0592
1883-11-01,0.061
1883-12-01,0.0603
1884-01-01,0.061799999999999994
1884-02-01,0.0634
1884-03-01,0.061399999999999996
1884-04-01,0.0613
1884-05-01,0.0639
1884-06-01,0.0692
1884-07-01,0.0717
1884-08-01,0.07139999999999999
1884-09-01,0.0668
1884-10-01,0.06860000000000001
1884-11-01,0.0706
1884-12-01,0.0717
1885-01-01,0.07139999999999999
1885-02-01,0.0717
1885-03-01,0.0683
1885-04-01,0.0668
1885-05-01,0.06559999999999999
1885-06-01,0.065
1885-07-01,0.064
1885-08-01,0.0604
1885-09-01,0.0559
1885-10-01,0.0554
1885-11-01,0.0512
1885-12-01,0.046900000000000004
1886-01-01,0.0462
1886-02-01,0.0458
1886-03-01,0.0447
1886-04-01,0.0453
1886-05-01,0.045599999999999995
1886-06-01,0.0462
1886-07-01,0.0438
1886-08-01,0.042800000000000005
1886-09-01,0.042199999999999994
1886-10-01,0.0408
1886-11-01,0.0395
1886-12-01,0.0383
1887-01-01,0.039
1887-02-01,0.039900000000000005
1887-03-01,0.0406
1887-04-01,0.0401
1887-05-01,0.0397
1887-06-01,0.0394
1887-07-01,0.040999999999999995
1887-08-01,0.0425
1887-09-01,0.044000000000000004
1887-10-01,0.0451
1887-11-01,0.0471
1887-12-01,0.0467
1888-01-01,0.047400000000000005
1888-02-01,0.046799999999999994
1888-03-01,0.0467
1888-04-01,0.0482
1888-05-01,0.04769999999999999
1888-06-01,0.046799999999999994
1888-07-01,0.0479
1888-08-01,0.0464
1888-09-01,0.0451
1888-10-01,0.0437
1888-11-01,0.0436
1888-12-01,0.044199999999999996
1889-01-01,0.0447
1889-02-01,0.0437
1889-03-01,0.0431
1889-04-01,0.0438
1889-05-01,0.0438
1889-06-01,0.0424
1889-07-01,0.0416
1889-08-01,0.042300000000000004
1889-09-01,0.0416
1889-10-01,0.0405
1889-11-01,0.041100000000000005
1889-12-01,0.041299999999999996
1890-01-01,0.0414
1890-02-01,0.0409
1890-03-01,0.0414
1890-04-01,0.0417
1890-05-01,0.0408
1890-06-01,0.0391
1890-07-01,0.0394
1890-08-01,0.0397
1890-09-01,0.0407
1890-10-01,0.0414
1890-11-01,0.0433
1890-12-01,0.0467
1891-01-01,0.0478
1891-02-01,0.0455
1891-03-01,0.0449
1891-04-01,0.045700000000000005
1891-05-01,0.0443
1891-06-01,0.0444
1891-07-01,0.0454
1891-08-01,0.0461
1891-09-01,0.0446
1891-10-01,0.041299999999999996
1891-11-01,0.041299999999999996
1891-12-01,0.04190000000000001
1892-01-01,0.0407
1892-02-01,0.04019999999999999
1892-03-01,0.0405
1892-04-01,0.0403
1892-05-01,0.0407
1892-06-01,0.040999999999999995
1892-07-01,0.0415
1892-08-01,0.0418
1892-09-01,0.0415
1892-10-01,0.0429
1892-11-01,0.042300000000000004
1892-12-01,0.042800000000000005
1893-01-01,0.0436
1893-02-01,0.0429
1893-03-01,0.043899999999999995
1893-04-01,0.045700000000000005
1893-05-01,0.0458
1893-06-01,0.050499999999999996
1893-07-01,0.053099999999999994
1893-08-01,0.0588
1893-09-01,0.0605
1893-10-01,0.056600000000000004
1893-11-01,0.0552
1893-12-01,0.0545
1894-01-01,0.0567
1894-02-01,0.0571
1894-03-01,0.0555
1894-04-01,0.053200000000000004
1894-05-01,0.0518
1894-06-01,0.053
1894-07-01,0.053
1894-08-01,0.0533
1894-09-01,0.0506
1894-10-01,0.049100000000000005
1894-11-01,0.0499
1894-12-01,0.049100000000000005
1895-01-01,0.048799999999999996
1895-02-01,0.049
1895-03-01,0.0493
1895-04-01,0.0489
1895-05-01,0.04650000000000001
1895-06-01,0.0438
1895-07-01,0.0426
1895-08-01,0.042
1895-09-01,0.041100000000000005
1895-10-01,0.0405
1895-11-01,0.0407
1895-12-01,0.0418
1896-01-01,0.044000000000000004
1896-02-01,0.0443
1896-03-01,0.042300000000000004
1896-04-01,0.042800000000000005
1896-05-01,0.042199999999999994
1896-06-01,0.042199999999999994
1896-07-01,0.042800000000000005
1896-08-01,0.045599999999999995
1896-09-01,0.0481
1896-10-01,0.0455
1896-11-01,0.0443
1896-12-01,0.041299999999999996
1897-01-01,0.042699999999999995
1897-02-01,0.042699999999999995
1897-03-01,0.0431
1897-04-01,0.043
1897-05-01,0.0443
1897-06-01,0.0441
1897-07-01,0.042199999999999994
1897-08-01,0.0404
1897-09-01,0.0379
1897-10-01,0.0361
1897-11-01,0.0373
1897-12-01,0.0387
1898-01-01,0.0379
1898-02-01,0.037200000000000004
1898-03-01,0.037599999999999995
1898-04-01,0.0398
1898-05-01,0.0409
1898-06-01,0.0387
1898-07-01,0.0375
1898-08-01,0.0377
1898-09-01,0.036699999999999997
1898-10-01,0.0371
1898-11-01,0.0382
1898-12-01,0.0373
1899-01-01,0.0354
1899-02-01,0.033
1899-03-01,0.032
1899-04-01,0.0316
1899-05-01,0.031400000000000004
1899-06-01,0.0329
1899-07-01,0.0338
1899-08-01,0.032799999999999996
1899-09-01,0.0321
1899-10-01,0.0326
1899-11-01,0.0329
1899-12-01,0.032400000000000005
1900-01-01,0.0349
1900-02-01,0.035699999999999996
1900-03-01,0.0362
1900-04-01,0.0371
1900-05-01,0.0379
1900-06-01,0.040999999999999995
1900-07-01,0.0435
1900-08-01,0.044800000000000006
1900-09-01,0.0455
1900-10-01,0.0478
1900-11-01,0.047400000000000005
1900-12-01,0.0451
1901-01-01,0.0437
1901-02-01,0.042699999999999995
1901-03-01,0.0418
1901-04-01,0.0406
1901-05-01,0.0377
1901-06-01,0.039900000000000005
1901-07-01,0.0365
1901-08-01,0.0393
1901-09-01,0.039
1901-10-01,0.0394
1901-11-01,0.04
1901-12-01,0.0394
1902-01-01,0.0403
1902-02-01,0.0395
1902-03-01,0.0393
1902-04-01,0.0393
1902-05-01,0.0381
1902-06-01,0.0383
1902-07-01,0.038599999999999995
1902-08-01,0.0379
1902-09-01,0.037000000000000005
1902-10-01,0.037000000000000005
1902-11-01,0.0383
1902-12-01,0.04
1903-01-01,0.040999999999999995
1903-02-01,0.0392
1903-03-01,0.039599999999999996
1903-04-01,0.0415
1903-05-01,0.0434
1903-06-01,0.044500000000000005
1903-07-01,0.047400000000000005
1903-08-01,0.0499
1903-09-01,0.0518
1903-10-01,0.0533
1903-11-01,0.0554
1903-12-01,0.0555
1904-01-01,0.0533
1904-02-01,0.0519
1904-03-01,0.0528
1904-04-01,0.0525
1904-05-01,0.0507
1904-06-01,0.0513
1904-07-01,0.0507
1904-08-01,0.0482
1904-09-01,0.0461
1904-10-01,0.0437
1904-11-01,0.0409
1904-12-01,0.0383
1905-01-01,0.037599999999999995
1905-02-01,0.037000000000000005
1905-03-01,0.0356
1905-04-01,0.0348
1905-05-01,0.0354
1905-06-01,0.0374
1905-07-01,0.037200000000000004
1905-08-01,0.0363
1905-09-01,0.0351
1905-10-01,0.0352
1905-11-01,0.0349
1905-12-01,0.0353
1906-01-01,0.0346
1906-02-01,0.034
1906-03-01,0.0349
1906-04-01,0.0363
1906-05-01,0.0375
1906-06-01,0.0391
1906-07-01,0.0392
1906-08-01,0.0409
1906-09-01,0.0387
1906-10-01,0.0381
1906-11-01,0.039900000000000005
1906-12-01,0.0397
1907-01-01,0.0407
1907-02-01,0.042199999999999994
1907-03-01,0.043899999999999995
1907-04-01,0.049100000000000005
1907-05-01,0.0493
1907-06-01,0.051399999999999994
1907-07-01,0.0536
1907-08-01,0.052000000000000005
1907-09-01,0.0567
1907-10-01,0.057699999999999994
1907-11-01,0.0653
1907-12-01,0.0699
1908-01-01,0.067
1908-02-01,0.0638
1908-03-01,0.06570000000000001
1908-04-01,0.0626
1908-05-01,0.058899999999999994
1908-06-01,0.0555
1908-07-01,0.055
1908-08-01,0.0526
1908-09-01,0.05
1908-10-01,0.050199999999999995
1908-11-01,0.0492
1908-12-01,0.045700000000000005
1909-01-01,0.0443
1909-02-01,0.044500000000000005
1909-03-01,0.0462
1909-04-01,0.046
1909-05-01,0.0443
1909-06-01,0.0433
1909-07-01,0.0429
1909-08-01,0.0426
1909-09-01,0.04190000000000001
1909-10-01,0.042199999999999994
1909-11-01,0.0424
1909-12-01,0.0429
1910-01-01,0.042699999999999995
1910-02-01,0.043899999999999995
1910-03-01,0.0458
1910-04-01,0.0449
1910-05-01,0.0463
1910-06-01,0.0473
1910-07-01,0.05
1910-08-01,0.053
1910-09-01,0.052000000000000005
1910-10-01,0.0519
1910-11-01,0.0499
1910-12-01,0.050199999999999995
1911-01-01,0.0519
1911-02-01,0.0507
1911-03-01,0.049800000000000004
1911-04-01,0.0504
1911-05-01,0.0506
1911-06-01,0.0496
1911-07-01,0.048600000000000004
1911-08-01,0.048799999999999996
1911-09-01,0.0513
1911-10-01,0.0542
1911-11-01,0.053899999999999997
1911-12-01,0.0518
1912-01-01,0.0516
1912-02-01,0.0516
1912-03-01,0.052199999999999996
1912-04-01,0.0508
1912-05-01,0.049400000000000006
1912-06-01,0.0495
1912-07-01,0.0496
1912-08-01,0.0496
1912-09-01,0.048600000000000004
1912-10-01,0.0484
1912-11-01,0.048600000000000004
1912-12-01,0.0492
1913-01-01,0.0512
1913-02-01,0.0516
1913-03-01,0.0535
1913-04-01,0.0545
1913-05-01,0.0546
1913-06-01,0.056100000000000004
1913-07-01,0.0591
1913-08-01,0.0583
1913-09-01,0.056799999999999996
1913-10-01,0.056299999999999996
1913-11-01,0.0581
1913-12-01,0.0596
1914-01-01,0.059699999999999996
1914-02-01,0.056799999999999996
1914-03-01,0.0554
1914-04-01,0.0559
1914-05-01,0.0567
1914-06-01,0.0557
1914-07-01,0.0554
1914-08-01,0.0579
1914-09-01,0.057300000000000004
1914-10-01,0.056600000000000004
1914-11-01,0.055999999999999994
1914-12-01,0.0553
1915-01-01,0.0571
1915-02-01,0.056299999999999996
1915-03-01,0.0571
1915-04-01,0.0558
1915-05-01,0.052000000000000005
1915-06-01,0.053399999999999996
1915-07-01,0.0529
1915-08-01,0.053200000000000004
1915-09-01,0.051100000000000007
1915-10-01,0.049400000000000006
1915-11-01,0.046900000000000004
1915-12-01,0.0454
1916-01-01,0.0454
1916-02-01,0.0472
1916-03-01,0.049100000000000005
1916-04-01,0.0504
1916-05-01,0.052199999999999996
1916-06-01,0.052199999999999996
1916-07-01,0.0529
1916-08-01,0.0548
1916-09-01,0.0556
1916-10-01,0.0545
1916-11-01,0.053899999999999997
1916-12-01,0.0538
1917-01-01,0.0571
1917-02-01,0.0596
1917-03-01,0.0644
1917-04-01,0.0636
1917-05-01,0.0658
1917-06-01,0.0693
1917-07-01,0.0691
1917-08-01,0.0723
1917-09-01,0.0758
1917-10-01,0.081
1917-11-01,0.087
1917-12-01,0.0965
1918-01-01,0.1015
1918-02-01,0.0943
1918-03-01,0.0902
1918-04-01,0.0907
1918-05-01,0.0902
1918-06-01,0.086
1918-07-01,0.08460000000000001
1918-08-01,0.08259999999999999
1918-09-01,0.0805
1918-10-01,0.0796
1918-11-01,0.0751
1918-12-01,0.07200000000000001
1919-01-01,0.0722
1919-02-01,0.0722
1919-03-01,0.07150000000000001
1919-04-01,0.069
1919-05-01,0.0664
1919-06-01,0.0617
1919-07-01,0.059699999999999996
1919-08-01,0.0575
1919-09-01,0.0613
1919-10-01,0.0599
1919-11-01,0.0567
1919-12-01,0.057999999999999996
1920-01-01,0.0594
1920-02-01,0.059800000000000006
1920-03-01,0.065
1920-04-01,0.060599999999999994
1920-05-01,0.0608
1920-06-01,0.0647
1920-07-01,0.06570000000000001
1920-08-01,0.0655
1920-09-01,0.068
1920-10-01,0.0654
1920-11-01,0.06509999999999999
1920-12-01,0.0684
1921-01-01,0.07490000000000001
1921-02-01,0.0711
1921-03-01,0.0711
1921-04-01,0.0723
1921-05-01,0.07139999999999999
1921-06-01,0.0687
1921-07-01,0.07400000000000001
1921-08-01,0.0736
1921-09-01,0.0739
1921-10-01,0.07150000000000001
1921-11-01,0.0699
1921-12-01,0.0658
1922-01-01,0.0629
1922-02-01,0.0636
1922-03-01,0.06280000000000001
1922-04-01,0.061
1922-05-01,0.0581
1922-06-01,0.0564
1922-07-01,0.0574
1922-08-01,0.0575
1922-09-01,0.0559
1922-10-01,0.054900000000000004
1922-11-01,0.0542
1922-12-01,0.0575
1923-01-01,0.0581
1923-02-01,0.0575
1923-03-01,0.0553
1923-04-01,0.0546
1923-05-01,0.056799999999999996
1923-06-01,0.059800000000000006
1923-07-01,0.062400000000000004
1923-08-01,0.0647
1923-09-01,0.0646
1923-10-01,0.0644
1923-11-01,0.06559999999999999
1923-12-01,0.0639
1924-01-01,0.062
1924-02-01,0.0602
1924-03-01,0.0601
1924-04-01,0.061500000000000006
1924-05-01,0.06309999999999999
1924-06-01,0.0636
1924-07-01,0.0626
1924-08-01,0.06
1924-09-01,0.0582
1924-10-01,0.058899999999999994
1924-11-01,0.0599
1924-12-01,0.056900000000000006
1925-01-01,0.0541
1925-02-01,0.0524
1925-03-01,0.052300000000000006
1925-04-01,0.0541
1925-05-01,0.055099999999999996
1925-06-01,0.0538
1925-07-01,0.053200000000000004
1925-08-01,0.052199999999999996
1925-09-01,0.0518
1925-10-01,0.051
1925-11-01,0.049800000000000004
1925-12-01,0.048600000000000004
1926-01-01,0.0482
1926-02-01,0.048
1926-03-01,0.048499999999999995
1926-04-01,0.0527
1926-05-01,0.054900000000000004
1926-06-01,0.055099999999999996
1926-07-01,0.0533
1926-08-01,0.051699999999999996
1926-09-01,0.050300000000000004
1926-10-01,0.0501
1926-11-01,0.0518
1926-12-01,0.051699999999999996
1927-01-01,0.051100000000000007
1927-02-01,0.052000000000000005
1927-03-01,0.051500000000000004
1927-04-01,0.0512
1927-05-01,0.0504
1927-06-01,0.0492
1927-07-01,0.049
1927-08-01,0.0484
1927-09-01,0.0464
1927-10-01,0.0443
1927-11-01,0.0454
1927-12-01,0.0447
1928-01-01,0.0441
1928-02-01,0.0443
1928-03-01,0.0452
1928-04-01,0.0433
1928-05-01,0.041100000000000005
1928-06-01,0.04019999999999999
1928-07-01,0.0426
1928-08-01,0.0426
1928-09-01,0.0416
1928-10-01,0.0392
1928-11-01,0.0387
1928-12-01,0.0366
1929-01-01,0.036699999999999997
1929-02-01,0.0346
1929-03-01,0.0348
1929-04-01,0.0346
1929-05-01,0.0352
1929-06-01,0.0351
1929-07-01,0.0348
1929-08-01,0.0323
1929-09-01,0.030899999999999997
1929-10-01,0.03
1929-11-01,0.0339
1929-12-01,0.0466
1930-01-01,0.0453
1930-02-01,0.0447
1930-03-01,0.0421
1930-04-01,0.0406
1930-05-01,0.0382
1930-06-01,0.0407
1930-07-01,0.0453
1930-08-01,0.0463
1930-09-01,0.047
1930-10-01,0.047
1930-11-01,0.0546
1930-12-01,0.058899999999999994
1931-01-01,0.0632
1931-02-01,0.0605
1931-03-01,0.0554
1931-04-01,0.0536
1931-05-01,0.0584
1931-06-01,0.0637
1931-07-01,0.0649
1931-08-01,0.061900000000000004
1931-09-01,0.06280000000000001
1931-10-01,0.0727
1931-11-01,0.08259999999999999
1931-12-01,0.0802
1932-01-01,0.09720000000000001
1932-02-01,0.0956
1932-03-01,0.0932
1932-04-01,0.08960000000000001
1932-05-01,0.11359999999999999
1932-06-01,0.1246
1932-07-01,0.1384
1932-08-01,0.1264
1932-09-01,0.0806
1932-10-01,0.0702
1932-11-01,0.07769999999999999
1932-12-01,0.0747
1933-01-01,0.0733
1933-02-01,0.0698
1933-03-01,0.0784
1933-04-01,0.07780000000000001
1933-05-01,0.0697
1933-06-01,0.0536
1933-07-01,0.0452
1933-08-01,0.0414
1933-09-01,0.0431
1933-10-01,0.043
1933-11-01,0.0471
1933-12-01,0.0455
1934-01-01,0.0441
1934-02-01,0.0418
1934-03-01,0.039
1934-04-01,0.0412
1934-05-01,0.0406
1934-06-01,0.0453
1934-07-01,0.044800000000000006
1934-08-01,0.0471
1934-09-01,0.049100000000000005
1934-10-01,0.0504
1934-11-01,0.0501
1934-12-01,0.048799999999999996
1935-01-01,0.048600000000000004
1935-02-01,0.048600000000000004
1935-03-01,0.0501
1935-04-01,0.0535
1935-05-01,0.049400000000000006
1935-06-01,0.0455
1935-07-01,0.0435
1935-08-01,0.041299999999999996
1935-09-01,0.0387
1935-10-01,0.0379
1935-11-01,0.0378
1935-12-01,0.0353
1936-01-01,0.036000000000000004
1936-02-01,0.0349
1936-03-01,0.0337
1936-04-01,0.0336
1936-05-01,0.0347
1936-06-01,0.0379
1936-07-01,0.0374
1936-08-01,0.0366
1936-09-01,0.037200000000000004
1936-10-01,0.038
1936-11-01,0.0383
1936-12-01,0.0394
1937-01-01,0.042199999999999994
1937-02-01,0.0415
1937-03-01,0.0409
1937-04-01,0.0415
1937-05-01,0.045899999999999996
1937-06-01,0.049800000000000004
1937-07-01,0.0537
1937-08-01,0.0493
1937-09-01,0.047400000000000005
1937-10-01,0.0536
1937-11-01,0.0635
1937-12-01,0.0705
1938-01-01,0.0726
1938-02-01,0.0701
1938-03-01,0.0713
1938-04-01,0.0757
1938-05-01,0.0775
1938-06-01,0.0755
1938-07-01,0.0725
1938-08-01,0.0583
1938-09-01,0.0558
1938-10-01,0.0562
1938-11-01,0.0467
1938-12-01,0.042800000000000005
1939-01-01,0.04019999999999999
1939-02-01,0.041100000000000005
1939-03-01,0.0417
1939-04-01,0.042
1939-05-01,0.0483
1939-06-01,0.046900000000000004
1939-07-01,0.0464
1939-08-01,0.0461
1939-09-01,0.04769999999999999
1939-10-01,0.043899999999999995
1939-11-01,0.045
1939-12-01,0.047400000000000005
1940-01-01,0.0501
1940-02-01,0.0507
1940-03-01,0.0513
1940-04-01,0.0519
1940-05-01,0.0519
1940-06-01,0.0608
1940-07-01,0.0672
1940-08-01,0.06570000000000001
1940-09-01,0.065
1940-10-01,0.063
1940-11-01,0.062400000000000004
1940-12-01,0.061
1941-01-01,0.0636
1941-02-01,0.0638
1941-03-01,0.0684
1941-04-01,0.0683
1941-05-01,0.0709
1941-06-01,0.0728
1941-07-01,0.0707
1941-08-01,0.0676
1941-09-01,0.0682
1941-10-01,0.0684
1941-11-01,0.07150000000000001
1941-12-01,0.0754
1942-01-01,0.08109999999999999
1942-02-01,0.0788
1942-03-01,0.0805
1942-04-01,0.08439999999999999
1942-05-01,0.0867
1942-06-01,0.08449999999999999
1942-07-01,0.07919999999999999
1942-08-01,0.0748
1942-09-01,0.0737
1942-10-01,0.07139999999999999
1942-11-01,0.0655
1942-12-01,0.0634
1943-01-01,0.062
1943-02-01,0.058499999999999996
1943-03-01,0.0552
1943-04-01,0.0533
1943-05-01,0.0516
1943-06-01,0.0496
1943-07-01,0.048799999999999996
1943-08-01,0.048
1943-09-01,0.0508
1943-10-01,0.05
1943-11-01,0.0508
1943-12-01,0.0535
1944-01-01,0.053099999999999994
1944-02-01,0.0518
1944-03-01,0.0524
1944-04-01,0.0512
1944-05-01,0.0524
1944-06-01,0.0518
1944-07-01,0.049699999999999994
1944-08-01,0.0487
1944-09-01,0.049699999999999994
1944-10-01,0.0508
1944-11-01,0.0496
1944-12-01,0.0499
1945-01-01,0.0489
1945-02-01,0.04769999999999999
1945-03-01,0.0464
1945-04-01,0.0467
1945-05-01,0.0455
1945-06-01,0.043899999999999995
1945-07-01,0.0431
1945-08-01,0.044199999999999996
1945-09-01,0.0443
1945-10-01,0.0417
1945-11-01,0.04
1945-12-01,0.0387
1946-01-01,0.0381
1946-02-01,0.037000000000000005
1946-03-01,0.0373
1946-04-01,0.0388
1946-05-01,0.0364
1946-06-01,0.0364
1946-07-01,0.0366
1946-08-01,0.0379
1946-09-01,0.0388
1946-10-01,0.045700000000000005
1946-11-01,0.0472
1946-12-01,0.0479
1947-01-01,0.046900000000000004
1947-02-01,0.046900000000000004
1947-03-01,0.0454
1947-04-01,0.0475
1947-05-01,0.050199999999999995
1947-06-01,0.0521
1947-07-01,0.0512
1947-08-01,0.048799999999999996
1947-09-01,0.050499999999999996
1947-10-01,0.0525
1947-11-01,0.052199999999999996
1947-12-01,0.053899999999999997
1948-01-01,0.0559
1948-02-01,0.056900000000000006
1948-03-01,0.06
1948-04-01,0.0594
1948-05-01,0.0552
1948-06-01,0.0526
1948-07-01,0.050499999999999996
1948-08-01,0.052199999999999996
1948-09-01,0.0542
1948-10-01,0.0552
1948-11-01,0.055
1948-12-01,0.059500000000000004
1949-01-01,0.061200000000000004
1949-02-01,0.0616
1949-03-01,0.0652
1949-04-01,0.06570000000000001
1949-05-01,0.0667
1949-06-01,0.0681
1949-07-01,0.073
1949-08-01,0.0696
1949-09-01,0.0676
1949-10-01,0.06709999999999999
1949-11-01,0.0675
1949-12-01,0.0687
1950-01-01,0.0689
1950-02-01,0.0681
1950-03-01,0.0674
1950-04-01,0.0674
1950-05-01,0.0661
1950-06-01,0.0645
1950-07-01,0.064
1950-08-01,0.07150000000000001
1950-09-01,0.0698
1950-10-01,0.0697
1950-11-01,0.0693
1950-12-01,0.0718
1951-01-01,0.07440000000000001
1951-02-01,0.0701
1951-03-01,0.0683
1951-04-01,0.0703
1951-05-01,0.07
1951-06-01,0.0705
1951-07-01,0.0724
1951-08-01,0.0705
1951-09-01,0.067
1951-10-01,0.0647
1951-11-01,0.0635
1951-12-01,0.0637
1952-01-01,0.0602
1952-02-01,0.0584
1952-03-01,0.0596
1952-04-01,0.0596
1952-05-01,0.0602
1952-06-01,0.060700000000000004
1952-07-01,0.059500000000000004
1952-08-01,0.057800000000000004
1952-09-01,0.0576
1952-10-01,0.058499999999999996
1952-11-01,0.0592
1952-12-01,0.056900000000000006
1953-01-01,0.0541
1953-02-01,0.053899999999999997
1953-03-01,0.0545
1953-04-01,0.054299999999999994
1953-05-01,0.0572
1953-06-01,0.057
1953-07-01,0.0593
1953-08-01,0.058499999999999996
1953-09-01,0.0582
1953-10-01,0.061
1953-11-01,0.059699999999999996
1953-12-01,0.0588
1954-01-01,0.0584
1954-02-01,0.0572
1954-03-01,0.0562
1954-04-01,0.0553
1954-05-01,0.053
1954-06-01,0.0507
1954-07-01,0.0501
1954-08-01,0.0483
1954-09-01,0.047599999999999996
1954-10-01,0.0467
1954-11-01,0.0464
1954-12-01,0.0454
1955-01-01,0.044000000000000004
1955-02-01,0.0434
1955-03-01,0.042199999999999994
1955-04-01,0.042699999999999995
1955-05-01,0.0414
1955-06-01,0.0417
1955-07-01,0.0395
1955-08-01,0.037200000000000004
1955-09-01,0.0378
1955-10-01,0.0365
1955-11-01,0.038599999999999995
1955-12-01,0.0363
1956-01-01,0.0361
1956-02-01,0.0378
1956-03-01,0.0383
1956-04-01,0.0364
1956-05-01,0.0365
1956-06-01,0.0382
1956-07-01,0.038900000000000004
1956-08-01,0.037200000000000004
1956-09-01,0.0377
1956-10-01,0.0393
1956-11-01,0.0391
1956-12-01,0.0388
1957-01-01,0.0375
1957-02-01,0.0382
1957-03-01,0.039900000000000005
1957-04-01,0.0393
1957-05-01,0.0384
1957-06-01,0.037000000000000005
1957-07-01,0.0364
1957-08-01,0.0359
1957-09-01,0.0382
1957-10-01,0.04
1957-11-01,0.0429
1957-12-01,0.0441
1958-01-01,0.0444
1958-02-01,0.0434
1958-03-01,0.0431
1958-04-01,0.042
1958-05-01,0.0415
1958-06-01,0.039900000000000005
1958-07-01,0.0387
1958-08-01,0.037599999999999995
1958-09-01,0.0363
1958-10-01,0.0353
1958-11-01,0.0341
1958-12-01,0.0332
1959-01-01,0.0327
1959-02-01,0.0316
1959-03-01,0.0322
1959-04-01,0.0315
1959-05-01,0.0311
1959-06-01,0.0308
1959-07-01,0.031200000000000002
1959-08-01,0.0301
1959-09-01,0.0304
1959-10-01,0.0317
1959-11-01,0.0319
1959-12-01,0.0319
1960-01-01,0.031
1960-02-01,0.0322
1960-03-01,0.0341
1960-04-01,0.0353
1960-05-01,0.0349
1960-06-01,0.0353
1960-07-01,0.0341
1960-08-01,0.0349
1960-09-01,0.0345
1960-10-01,0.0356
1960-11-01,0.0363
1960-12-01,0.0352
1961-01-01,0.034300000000000004
1961-02-01,0.0326
1961-03-01,0.0313
1961-04-01,0.030299999999999997
1961-05-01,0.029500000000000002
1961-06-01,0.0292
1961-07-01,0.0296
1961-08-01,0.0297
1961-09-01,0.0288
1961-10-01,0.0291
1961-11-01,0.0291
1961-12-01,0.0281
1962-01-01,0.0282
1962-02-01,0.029300000000000003
1962-03-01,0.028999999999999998
1962-04-01,0.028999999999999998
1962-05-01,0.0301
1962-06-01,0.0326
1962-07-01,0.037000000000000005
1962-08-01,0.0363
1962-09-01,0.0354
1962-10-01,0.0359
1962-11-01,0.0373
1962-12-01,0.0352
1963-01-01,0.034
1963-02-01,0.032799999999999996
1963-03-01,0.0325
1963-04-01,0.0327
1963-05-01,0.0315
1963-06-01,0.0311
1963-07-01,0.031400000000000004
1963-08-01,0.0319
1963-09-01,0.0311
1963-10-01,0.030299999999999997
1963-11-01,0.030600000000000002
1963-12-01,0.0311
1964-01-01,0.030699999999999998
1964-02-01,0.03
1964-03-01,0.029900000000000003
1964-04-01,0.0296
1964-05-01,0.0294
1964-06-01,0.029300000000000003
1964-07-01,0.0297
1964-08-01,0.0288
1964-09-01,0.029500000000000002
1964-10-01,0.029300000000000003
1964-11-01,0.028999999999999998
1964-12-01,0.028999999999999998
1965-01-01,0.0298
1965-02-01,0.0292
1965-03-01,0.0292
1965-04-01,0.0294
1965-05-01,0.0292
1965-06-01,0.028999999999999998
1965-07-01,0.030699999999999998
1965-08-01,0.030899999999999997
1965-09-01,0.030600000000000002
1965-10-01,0.0298
1965-11-01,0.029300000000000003
1965-12-01,0.029300000000000003
1966-01-01,0.0297
1966-02-01,0.0294
1966-03-01,0.0298
1966-04-01,0.0313
1966-05-01,0.0305
1966-06-01,0.032400000000000005
1966-07-01,0.0329
1966-08-01,0.0332
1966-09-01,0.0356
1966-10-01,0.0371
1966-11-01,0.0374
1966-12-01,0.0355
1967-01-01,0.0353
1967-02-01,0.0341
1967-03-01,0.0331
1967-04-01,0.032400000000000005
1967-05-01,0.0319
1967-06-01,0.0313
1967-07-01,0.0317
1967-08-01,0.0313
1967-09-01,0.0308
1967-10-01,0.0305
1967-11-01,0.0305
1967-12-01,0.0315
1968-01-01,0.030600000000000002
1968-02-01,0.0308
1968-03-01,0.032400000000000005
1968-04-01,0.0331
1968-05-01,0.031
1968-06-01,0.0304
1968-07-01,0.0298
1968-08-01,0.029900000000000003
1968-09-01,0.030699999999999998
1968-10-01,0.029900000000000003
1968-11-01,0.029300000000000003
1968-12-01,0.028999999999999998
1969-01-01,0.0288
1969-02-01,0.0302
1969-03-01,0.0304
1969-04-01,0.031200000000000002
1969-05-01,0.030699999999999998
1969-06-01,0.0298
1969-07-01,0.0316
1969-08-01,0.0331
1969-09-01,0.0334
1969-10-01,0.0333
1969-11-01,0.033
1969-12-01,0.032799999999999996
1970-01-01,0.0347
1970-02-01,0.035
1970-03-01,0.0363
1970-04-01,0.0358
1970-05-01,0.0369
1970-06-01,0.0418
1970-07-01,0.0421
1970-08-01,0.042
1970-09-01,0.0409
1970-10-01,0.038599999999999995
1970-11-01,0.037599999999999995
1970-12-01,0.0375
1971-01-01,0.0349
1971-02-01,0.0335
1971-03-01,0.0321
1971-04-01,0.031200000000000002
1971-05-01,0.0302
1971-06-01,0.0305
1971-07-01,0.0311
1971-08-01,0.0313
1971-09-01,0.0318
1971-10-01,0.0311
1971-11-01,0.0317
1971-12-01,0.0332
1972-01-01,0.031
1972-02-01,0.0297
1972-03-01,0.0292
1972-04-01,0.0285
1972-05-01,0.0282
1972-06-01,0.0285
1972-07-01,0.028399999999999998
1972-08-01,0.0287
1972-09-01,0.0277
1972-10-01,0.0282
1972-11-01,0.028300000000000002
1972-12-01,0.027200000000000002
1973-01-01,0.0268
1973-02-01,0.026699999999999998
1973-03-01,0.0277
1973-04-01,0.0282
1973-05-01,0.028900000000000002
1973-06-01,0.029900000000000003
1973-07-01,0.030699999999999998
1973-08-01,0.030600000000000002
1973-09-01,0.0313
1973-10-01,0.031
1973-11-01,0.0301
1973-12-01,0.032799999999999996
1974-01-01,0.035699999999999996
1974-02-01,0.0354
1974-03-01,0.0366
1974-04-01,0.0353
1974-05-01,0.0374
1974-06-01,0.0388
1974-07-01,0.039
1974-08-01,0.044500000000000005
1974-09-01,0.046799999999999994
1974-10-01,0.0527
1974-11-01,0.051699999999999996
1974-12-01,0.0501
1975-01-01,0.0537
1975-02-01,0.0499
1975-03-01,0.0455
1975-04-01,0.0438
1975-05-01,0.0435
1975-06-01,0.040999999999999995
1975-07-01,0.04019999999999999
1975-08-01,0.0401
1975-09-01,0.0433
1975-10-01,0.0438
1975-11-01,0.0418
1975-12-01,0.040999999999999995
1976-01-01,0.0415
1976-02-01,0.038
1976-03-01,0.0366
1976-04-01,0.0365
1976-05-01,0.0364
1976-06-01,0.0369
1976-07-01,0.0369
1976-08-01,0.0364
1976-09-01,0.037000000000000005
1976-10-01,0.0365
1976-11-01,0.0384
1976-12-01,0.0394
1977-01-01,0.0387
1977-02-01,0.0395
1977-03-01,0.040999999999999995
1977-04-01,0.0417
1977-05-01,0.0429
1977-06-01,0.0436
1977-07-01,0.043899999999999995
1977-08-01,0.044000000000000004
1977-09-01,0.045599999999999995
1977-10-01,0.046799999999999994
1977-11-01,0.048600000000000004
1977-12-01,0.0489
1978-01-01,0.049800000000000004
1978-02-01,0.052199999999999996
1978-03-01,0.0535
1978-04-01,0.054000000000000006
1978-05-01,0.052199999999999996
1978-06-01,0.05
1978-07-01,0.050300000000000004
1978-08-01,0.0509
1978-09-01,0.048
1978-10-01,0.0483
1978-11-01,0.0501
1978-12-01,0.053399999999999996
1979-01-01,0.0528
1979-02-01,0.0513
1979-03-01,0.0525
1979-04-01,0.0519
1979-05-01,0.051399999999999994
1979-06-01,0.053099999999999994
1979-07-01,0.0525
1979-08-01,0.0525
1979-09-01,0.0508
1979-10-01,0.0507
1979-11-01,0.053200000000000004
1979-12-01,0.054000000000000006
1980-01-01,0.0524
1980-02-01,0.051399999999999994
1980-03-01,0.0499
1980-04-01,0.0554
1980-05-01,0.056799999999999996
1980-06-01,0.0547
1980-07-01,0.0518
1980-08-01,0.0499
1980-09-01,0.048799999999999996
1980-10-01,0.048
1980-11-01,0.046900000000000004
1980-12-01,0.0452
1981-01-01,0.0461
1981-02-01,0.0466
1981-03-01,0.048600000000000004
1981-04-01,0.0471
1981-05-01,0.047
1981-06-01,0.0482
1981-07-01,0.0483
1981-08-01,0.049800000000000004
1981-09-01,0.05
1981-10-01,0.055099999999999996
1981-11-01,0.0547
1981-12-01,0.0536
1982-01-01,0.0536
1982-02-01,0.056799999999999996
1982-03-01,0.0584
1982-04-01,0.060599999999999994
1982-05-01,0.057999999999999996
1982-06-01,0.0582
1982-07-01,0.0621
1982-08-01,0.062400000000000004
1982-09-01,0.0623
1982-10-01,0.055999999999999994
1982-11-01,0.051699999999999996
1982-12-01,0.049699999999999994
1983-01-01,0.0493
1983-02-01,0.04769999999999999
1983-03-01,0.047
1983-04-01,0.0455
1983-05-01,0.043899999999999995
1983-06-01,0.042199999999999994
1983-07-01,0.0417
1983-08-01,0.0417
1983-09-01,0.043
1983-10-01,0.04190000000000001
1983-11-01,0.04190000000000001
1983-12-01,0.042699999999999995
1984-01-01,0.0431
1984-02-01,0.042800000000000005
1984-03-01,0.0455
1984-04-01,0.045599999999999995
1984-05-01,0.0458
1984-06-01,0.0464
1984-07-01,0.04769999999999999
1984-08-01,0.048499999999999995
1984-09-01,0.0447
1984-10-01,0.0444
1984-11-01,0.0451
1984-12-01,0.045
1985-01-01,0.0458
1985-02-01,0.0441
1985-03-01,0.0421
1985-04-01,0.042699999999999995
1985-05-01,0.0426
1985-06-01,0.0417
1985-07-01,0.040999999999999995
1985-08-01,0.0404
1985-09-01,0.0415
1985-10-01,0.0426
1985-11-01,0.042199999999999994
1985-12-01,0.039900000000000005
1986-01-01,0.0381
1986-02-01,0.0381
1986-03-01,0.0364
1986-04-01,0.0345
1986-05-01,0.0338
1986-06-01,0.0339
1986-07-01,0.033
1986-08-01,0.0339
1986-09-01,0.0334
1986-10-01,0.0345
1986-11-01,0.0347
1986-12-01,0.0337
1987-01-01,0.0333
1987-02-01,0.031400000000000004
1987-03-01,0.0296
1987-04-01,0.0285
1987-05-01,0.028999999999999998
1987-06-01,0.029300000000000003
1987-07-01,0.028300000000000002
1987-08-01,0.0276
1987-09-01,0.026099999999999998
1987-10-01,0.027200000000000002
1987-11-01,0.0311
1987-12-01,0.0358
1988-01-01,0.0366
1988-02-01,0.0354
1988-03-01,0.0345
1988-04-01,0.0337
1988-05-01,0.0344
1988-06-01,0.035699999999999996
1988-07-01,0.0341
1988-08-01,0.0346
1988-09-01,0.0356
1988-10-01,0.0353
1988-11-01,0.0344
1988-12-01,0.0356
1989-01-01,0.0353
1989-02-01,0.0345
1989-03-01,0.0338
1989-04-01,0.0342
1989-05-01,0.0335
1989-06-01,0.0327
1989-07-01,0.032
1989-08-01,0.0316
1989-09-01,0.030600000000000002
1989-10-01,0.030899999999999997
1989-11-01,0.031200000000000002
1989-12-01,0.0322
1990-01-01,0.0317
1990-02-01,0.032799999999999996
1990-03-01,0.034
1990-04-01,0.0334
1990-05-01,0.0338
1990-06-01,0.033
1990-07-01,0.032400000000000005
1990-08-01,0.0326
1990-09-01,0.0356
1990-10-01,0.0375
1990-11-01,0.0388
1990-12-01,0.0381
1991-01-01,0.0368
1991-02-01,0.037200000000000004
1991-03-01,0.0334
1991-04-01,0.0325
1991-05-01,0.0319
1991-06-01,0.0321
1991-07-01,0.0321
1991-08-01,0.0321
1991-09-01,0.031400000000000004
1991-10-01,0.0317
1991-11-01,0.0317
1991-12-01,0.0317
1992-01-01,0.031400000000000004
1992-02-01,0.0294
1992-03-01,0.0298
1992-04-01,0.030299999999999997
1992-05-01,0.0302
1992-06-01,0.0297
1992-07-01,0.0302
1992-08-01,0.0297
1992-09-01,0.0296
1992-10-01,0.0296
1992-11-01,0.03
1992-12-01,0.029300000000000003
1993-01-01,0.028399999999999998
1993-02-01,0.0285
1993-03-01,0.0282
1993-04-01,0.0277
1993-05-01,0.0282
1993-06-01,0.0281
1993-07-01,0.0279
1993-08-01,0.027999999999999997
1993-09-01,0.0276
1993-10-01,0.0273
1993-11-01,0.027000000000000003
1993-12-01,0.0271
1994-01-01,0.027000000000000003
1994-02-01,0.026699999999999998
1994-03-01,0.0269
1994-04-01,0.0274
1994-05-01,0.0285
1994-06-01,0.028399999999999998
1994-07-01,0.0282
1994-08-01,0.0285
1994-09-01,0.0278
1994-10-01,0.0277
1994-11-01,0.027999999999999997
1994-12-01,0.028399999999999998
1995-01-01,0.028900000000000002
1995-02-01,0.028300000000000002
1995-03-01,0.0273
1995-04-01,0.026699999999999998
1995-05-01,0.026099999999999998
1995-06-01,0.0254
1995-07-01,0.0248
1995-08-01,0.0241
1995-09-01,0.0242
1995-10-01,0.0235
1995-11-01,0.023399999999999997
1995-12-01,0.023
1996-01-01,0.022400000000000003
1996-02-01,0.0226
1996-03-01,0.0216
1996-04-01,0.0218
1996-05-01,0.0219
1996-06-01,0.0215
1996-07-01,0.021400000000000002
1996-08-01,0.022400000000000003
1996-09-01,0.0219
1996-10-01,0.0217
1996-11-01,0.021
1996-12-01,0.020099999999999996
1997-01-01,0.02
1997-02-01,0.0195
1997-03-01,0.018799999999999997
1997-04-01,0.019
1997-05-01,0.019799999999999998
1997-06-01,0.0182
1997-07-01,0.0173
1997-08-01,0.016399999999999998
1997-09-01,0.0165
1997-10-01,0.016399999999999998
1997-11-01,0.016200000000000003
1997-12-01,0.016399999999999998
1998-01-01,0.0161
1998-02-01,0.0161
1998-03-01,0.0152
1998-04-01,0.014499999999999999
1998-05-01,0.014199999999999999
1998-06-01,0.0143
1998-07-01,0.0144
1998-08-01,0.0138
1998-09-01,0.015
1998-10-01,0.0158
1998-11-01,0.015700000000000002
1998-12-01,0.0141
1999-01-01,0.013600000000000001
1999-02-01,0.013000000000000001
1999-03-01,0.0131
1999-04-01,0.0128
1999-05-01,0.0123
1999-06-01,0.0123
1999-07-01,0.0124
1999-08-01,0.012
1999-09-01,0.0125
1999-10-01,0.0126
1999-11-01,0.0128
1999-12-01,0.012
2000-01-01,0.011699999999999999
2000-02-01,0.011699999999999999
2000-03-01,0.0121
2000-04-01,0.0116
2000-05-01,0.0115
2000-06-01,0.0118
2000-07-01,0.011399999999999999
2000-08-01,0.0113
2000-09-01,0.0111
2000-10-01,0.0111
2000-11-01,0.011699999999999999
2000-12-01,0.0118
2001-01-01,0.012199999999999999
2001-02-01,0.0121
2001-03-01,0.0123
2001-04-01,0.013500000000000002
2001-05-01,0.013300000000000001
2001-06-01,0.0124
2001-07-01,0.0127
2001-08-01,0.013000000000000001
2001-09-01,0.013300000000000001
2001-10-01,0.0151
2001-11-01,0.0146
2001-12-01,0.0139
2002-01-01,0.0137
2002-02-01,0.0138
2002-03-01,0.0143
2002-04-01,0.013600000000000001
2002-05-01,0.014199999999999999
2002-06-01,0.0148
2002-07-01,0.0158
2002-08-01,0.0177
2002-09-01,0.0174
2002-10-01,0.0182
2002-11-01,0.018600000000000002
2002-12-01,0.0176
2003-01-01,0.0179
2003-02-01,0.018000000000000002
2003-03-01,0.019299999999999998
2003-04-01,0.0192
2003-05-01,0.0182
2003-06-01,0.0173
2003-07-01,0.016399999999999998
2003-08-01,0.016399999999999998
2003-09-01,0.0166
2003-10-01,0.0163
2003-11-01,0.016200000000000003
2003-12-01,0.0163
2004-01-01,0.0161
2004-02-01,0.0155
2004-03-01,0.015600000000000001
2004-04-01,0.016
2004-05-01,0.0161
2004-06-01,0.0167
2004-07-01,0.016399999999999998
2004-08-01,0.017
2004-09-01,0.0174
2004-10-01,0.0171
2004-11-01,0.0172
2004-12-01,0.0166
2005-01-01,0.016200000000000003
2005-02-01,0.0167
2005-03-01,0.0166
2005-04-01,0.0169
2005-05-01,0.0176
2005-06-01,0.0176
2005-07-01,0.0174
2005-08-01,0.0173
2005-09-01,0.0174
2005-10-01,0.0175
2005-11-01,0.0182
2005-12-01,0.0178
2006-01-01,0.0176
2006-02-01,0.0175
2006-03-01,0.0177
2006-04-01,0.0176
2006-05-01,0.0177
2006-06-01,0.018000000000000002
2006-07-01,0.0187
2006-08-01,0.018799999999999997
2006-09-01,0.018500000000000003
2006-10-01,0.0183
2006-11-01,0.0179
2006-12-01,0.0177
2007-01-01,0.0176
2007-02-01,0.0176
2007-03-01,0.0175
2007-04-01,0.0181
2007-05-01,0.0176
2007-06-01,0.0172
2007-07-01,0.0173
2007-08-01,0.0174
2007-09-01,0.0184
2007-10-01,0.018000000000000002
2007-11-01,0.0177
2007-12-01,0.018799999999999997
2008-01-01,0.0187
2008-02-01,0.0203
2008-03-01,0.0207
2008-04-01,0.0215
2008-05-01,0.0208
2008-06-01,0.0204
2008-07-01,0.021400000000000002
2008-08-01,0.0229
2008-09-01,0.0225
2008-10-01,0.023700000000000002
2008-11-01,0.0296
2008-12-01,0.0323
2009-01-01,0.0323
2009-02-01,0.032400000000000005
2009-03-01,0.034300000000000004
2009-04-01,0.036000000000000004
2009-05-01,0.0315
2009-06-01,0.028999999999999998
2009-07-01,0.0276
2009-08-01,0.026699999999999998
2009-09-01,0.0242
2009-10-01,0.0229
2009-11-01,0.0219
2009-12-01,0.021
2010-01-01,0.0202
2010-02-01,0.019799999999999998
2010-03-01,0.0203
2010-04-01,0.019
2010-05-01,0.0183
2010-06-01,0.0195
2010-07-01,0.0203
2010-08-01,0.020499999999999997
2010-09-01,0.020499999999999997
2010-10-01,0.0199
2010-11-01,0.0192
2010-12-01,0.0189
2011-01-01,0.0183
2011-02-01,0.0179
2011-03-01,0.0176
2011-04-01,0.018000000000000002
2011-05-01,0.0178
2011-06-01,0.018000000000000002
2011-07-01,0.0189
2011-08-01,0.018600000000000002
2011-09-01,0.021
2011-10-01,0.0215
2011-11-01,0.0212
2011-12-01,0.0212
2012-01-01,0.0213
2012-02-01,0.0206
2012-03-01,0.02
2012-04-01,0.0197
2012-05-01,0.02
2012-06-01,0.0209
2012-07-01,0.021400000000000002
2012-08-01,0.021099999999999997
2012-09-01,0.0208
2012-10-01,0.020499999999999997
2012-11-01,0.021
2012-12-01,0.022000000000000002
2013-01-01,0.022000000000000002
2013-02-01,0.0213
2013-03-01,0.021
2013-04-01,0.0207
2013-05-01,0.0207
2013-06-01,0.020099999999999996
2013-07-01,0.0206
2013-08-01,0.0202
2013-09-01,0.0204
2013-10-01,0.0204
2013-11-01,0.020099999999999996
2013-12-01,0.0195
2014-01-01,0.0194
2014-02-01,0.0194
2014-03-01,0.0197
2014-04-01,0.0194
2014-05-01,0.0196
2014-06-01,0.0196
2014-07-01,0.0192
2014-08-01,0.0191
2014-09-01,0.0194
2014-10-01,0.019299999999999998
2014-11-01,0.02
2014-12-01,0.0191
2015-01-01,0.0192
2015-02-01,0.0197
2015-03-01,0.0194
2015-04-01,0.0196
2015-05-01,0.0196
2015-06-01,0.0196
2015-07-01,0.0199
2015-08-01,0.020099999999999996
2015-09-01,0.0207
2015-10-01,0.0219
2015-11-01,0.021099999999999997
2015-12-01,0.0207
2016-01-01,0.021099999999999997
2016-02-01,0.0227
2016-03-01,0.023
2016-04-01,0.0217
2016-05-01,0.0212
2016-06-01,0.021400000000000002
2016-07-01,0.0213
2016-08-01,0.0208
2016-09-01,0.0207
2016-10-01,0.0209
2016-11-01,0.021099999999999997
2016-12-01,0.021
2017-01-01,0.0203
2017-02-01,0.0202
2017-03-01,0.019799999999999998
2017-04-01,0.0196
2017-05-01,0.019799999999999998
2017-06-01,0.0196
2017-07-01,0.0194
2017-08-01,0.0194
2017-09-01,0.0195
2017-10-01,0.019299999999999998
2017-11-01,0.0189
2017-12-01,0.018799999999999997
2018-01-01,0.0184
2018-02-01,0.0177
2018-03-01,0.0184
2018-04-01,0.018500000000000003
2018-05-01,0.019
2018-06-01,0.018799999999999997
2018-07-01,0.018500000000000003
2018-08-01,0.0184
2018-09-01,0.0182
2018-10-01,0.018000000000000002
2018-11-01,0.019
2018-12-01,0.0196
2019-01-01,0.0209
2019-02-01,0.0208
2019-03-01,0.019799999999999998
2019-04-01,0.0196
2019-05-01,0.019
2019-06-01,0.0195
2019-07-01,0.0194
2019-08-01,0.018799999999999997
2019-09-01,0.0196
2019-10-01,0.0192
2019-11-01,0.0187
2019-12-01,0.018600000000000002
2020-01-01,0.0183
2020-02-01,0.0179
2020-03-01,0.018000000000000002
2020-04-01,0.0241
2020-05-01,0.021
2020-06-01,0.0195
2020-07-01,0.0191
2020-08-01,0.018500000000000003
2020-09-01,0.0169
2020-10-01,0.0177
2020-11-01,0.0172
2020-12-01,0.0161
2021-01-01,0.0158
2021-02-01,0.0154
2021-03-01,0.0149
2021-04-01,0.014499999999999999
2021-05-01,0.0139
2021-06-01,0.0137
2021-07-01,0.0134
2021-08-01,0.0134
2021-09-01,0.0128
2021-10-01,0.013300000000000001
2021-11-01,0.0128
2021-12-01,0.0131
2022-01-01,0.0129
2022-02-01,0.013300000000000001
2022-03-01,0.013999999999999999
2022-04-01,0.013300000000000001
2022-05-01,0.0143
2022-06-01,0.0151
2022-07-01,0.016200000000000003
2022-08-01,0.0155
2022-09-01,0.0161
2022-10-01,0.017
2022-11-01,0.0169
2022-12-01,0.016
2023-01-01,0.0171
2023-02-01,0.016200000000000003
2023-03-01,0.0169
2023-04-01,0.0172
2023-05-01,0.016399999999999998
2023-06-01,0.016200000000000003
