Date,Ten_Year_Treasury
2023-06-01,0.0371
2023-05-01,0.035699999999999996
2023-04-01,0.0346
2023-03-01,0.0366
2023-02-01,0.0375
2023-01-01,0.0353
2022-12-01,0.0362
2022-11-01,0.038900000000000004
2022-10-01,0.0398
2022-09-01,0.0352
2022-08-01,0.028999999999999998
2022-07-01,0.028999999999999998
2022-06-01,0.031400000000000004
2022-05-01,0.028999999999999998
2022-04-01,0.0275
2022-03-01,0.0213
2022-02-01,0.019299999999999998
2022-01-01,0.0176
2021-12-01,0.0147
2021-11-01,0.015600000000000001
2021-10-01,0.0158
2021-09-01,0.0137
2021-08-01,0.0128
2021-07-01,0.0132
2021-06-01,0.0152
2021-05-01,0.016200000000000003
2021-04-01,0.0163
2021-03-01,0.0161
2021-02-01,0.0126
2021-01-01,0.0108
2020-12-01,0.009300000000000001
2020-11-01,0.0087
2020-10-01,0.0079
2020-09-01,0.0068000000000000005
2020-08-01,0.006500000000000001
2020-07-01,0.0062
2020-06-01,0.0073
2020-05-01,0.0067
2020-04-01,0.0066
2020-03-01,0.0087
2020-02-01,0.015
2020-01-01,0.0176
2019-12-01,0.018600000000000002
2019-11-01,0.0181
2019-10-01,0.0171
2019-09-01,0.017
2019-08-01,0.0163
2019-07-01,0.0206
2019-06-01,0.0207
2019-05-01,0.0239
2019-04-01,0.0253
2019-03-01,0.025699999999999997
2019-02-01,0.0268
2019-01-01,0.0271
2018-12-01,0.028300000000000002
2018-11-01,0.031200000000000002
2018-10-01,0.0315
2018-09-01,0.03
2018-08-01,0.028900000000000002
2018-07-01,0.028900000000000002
2018-06-01,0.0291
2018-05-01,0.0298
2018-04-01,0.0287
2018-03-01,0.028399999999999998
2018-02-01,0.0286
2018-01-01,0.0258
2017-12-01,0.024
2017-11-01,0.0235
2017-10-01,0.0236
2017-09-01,0.022000000000000002
2017-08-01,0.022099999999999998
2017-07-01,0.0232
2017-06-01,0.0219
2017-05-01,0.023
2017-04-01,0.023
2017-03-01,0.0248
2017-02-01,0.0242
2017-01-01,0.024300000000000002
2016-12-01,0.024900000000000002
2016-11-01,0.021400000000000002
2016-10-01,0.0176
2016-09-01,0.0163
2016-08-01,0.015600000000000001
2016-07-01,0.015
2016-06-01,0.016399999999999998
2016-05-01,0.0181
2016-04-01,0.0181
2016-03-01,0.0189
2016-02-01,0.0178
2016-01-01,0.0209
2015-12-01,0.022400000000000003
2015-11-01,0.0226
2015-10-01,0.0207
2015-09-01,0.0217
2015-08-01,0.0217
2015-07-01,0.0232
2015-06-01,0.0236
2015-05-01,0.022000000000000002
2015-04-01,0.019299999999999998
2015-03-01,0.0204
2015-02-01,0.019799999999999998
2015-01-01,0.018799999999999997
2014-12-01,0.022099999999999998
2014-11-01,0.0233
2014-10-01,0.023
2014-09-01,0.0253
2014-08-01,0.0242
2014-07-01,0.0254
2014-06-01,0.026000000000000002
2014-05-01,0.0256
2014-04-01,0.0271
2014-03-01,0.027200000000000002
2014-02-01,0.0271
2014-01-01,0.0286
2013-12-01,0.028999999999999998
2013-11-01,0.027200000000000002
2013-10-01,0.0262
2013-09-01,0.0281
2013-08-01,0.0274
2013-07-01,0.0258
2013-06-01,0.023
2013-05-01,0.019299999999999998
2013-04-01,0.0176
2013-03-01,0.0196
2013-02-01,0.019799999999999998
2013-01-01,0.0191
2012-12-01,0.0172
2012-11-01,0.0165
2012-10-01,0.0175
2012-09-01,0.0172
2012-08-01,0.0168
2012-07-01,0.015300000000000001
2012-06-01,0.016200000000000003
2012-05-01,0.018000000000000002
2012-04-01,0.020499999999999997
2012-03-01,0.0217
2012-02-01,0.0197
2012-01-01,0.0197
2011-12-01,0.019799999999999998
2011-11-01,0.020099999999999996
2011-10-01,0.0215
2011-09-01,0.019799999999999998
2011-08-01,0.023
2011-07-01,0.03
2011-06-01,0.03
2011-05-01,0.0317
2011-04-01,0.0345
2011-03-01,0.0341
2011-02-01,0.0358
2011-01-01,0.0339
2010-12-01,0.0329
2010-11-01,0.0276
2010-10-01,0.0254
2010-09-01,0.0265
2010-08-01,0.027000000000000003
2010-07-01,0.0301
2010-06-01,0.032
2010-05-01,0.0342
2010-04-01,0.0385
2010-03-01,0.0373
2010-02-01,0.0369
2010-01-01,0.0373
2009-12-01,0.0359
2009-11-01,0.034
2009-10-01,0.0339
2009-09-01,0.034
2009-08-01,0.0359
2009-07-01,0.0356
2009-06-01,0.037200000000000004
2009-05-01,0.0329
2009-04-01,0.029300000000000003
2009-03-01,0.0282
2009-02-01,0.0287
2009-01-01,0.0252
2008-12-01,0.0242
2008-11-01,0.0353
2008-10-01,0.0381
2008-09-01,0.0369
2008-08-01,0.038900000000000004
2008-07-01,0.0401
2008-06-01,0.040999999999999995
2008-05-01,0.0388
2008-04-01,0.036699999999999997
2008-03-01,0.0351
2008-02-01,0.0374
2008-01-01,0.0374
2007-12-01,0.040999999999999995
2007-11-01,0.0415
2007-10-01,0.0453
2007-09-01,0.0452
2007-08-01,0.0467
2007-07-01,0.05
2007-06-01,0.051
2007-05-01,0.0475
2007-04-01,0.046900000000000004
2007-03-01,0.045599999999999995
2007-02-01,0.0472
2007-01-01,0.047599999999999996
2006-12-01,0.045599999999999995
2006-11-01,0.046
2006-10-01,0.0473
2006-09-01,0.0472
2006-08-01,0.048799999999999996
2006-07-01,0.0509
2006-06-01,0.051100000000000007
2006-05-01,0.051100000000000007
2006-04-01,0.0499
2006-03-01,0.0472
2006-02-01,0.045700000000000005
2006-01-01,0.044199999999999996
2005-12-01,0.0447
2005-11-01,0.0453
2005-10-01,0.0446
2005-09-01,0.042
2005-08-01,0.0426
2005-07-01,0.0418
2005-06-01,0.04
2005-05-01,0.0414
2005-04-01,0.0434
2005-03-01,0.045
2005-02-01,0.0417
2005-01-01,0.042199999999999994
2004-12-01,0.042300000000000004
2004-11-01,0.04190000000000001
2004-10-01,0.040999999999999995
2004-09-01,0.041299999999999996
2004-08-01,0.042800000000000005
2004-07-01,0.045
2004-06-01,0.0473
2004-05-01,0.0472
2004-04-01,0.0435
2004-03-01,0.0383
2004-02-01,0.0408
2004-01-01,0.0415
2003-12-01,0.042699999999999995
2003-11-01,0.043
2003-10-01,0.0429
2003-09-01,0.042699999999999995
2003-08-01,0.044500000000000005
2003-07-01,0.0398
2003-06-01,0.0333
2003-05-01,0.035699999999999996
2003-04-01,0.039599999999999996
2003-03-01,0.0381
2003-02-01,0.039
2003-01-01,0.0405
2002-12-01,0.0403
2002-11-01,0.0405
2002-10-01,0.0394
2002-09-01,0.0387
2002-08-01,0.0426
2002-07-01,0.04650000000000001
2002-06-01,0.0493
2002-05-01,0.0516
2002-04-01,0.0521
2002-03-01,0.0528
2002-02-01,0.049100000000000005
2002-01-01,0.0504
2001-12-01,0.0509
2001-11-01,0.04650000000000001
2001-10-01,0.045700000000000005
2001-09-01,0.0473
2001-08-01,0.049699999999999994
2001-07-01,0.0524
2001-06-01,0.0528
2001-05-01,0.053899999999999997
2001-04-01,0.051399999999999994
2001-03-01,0.0489
2001-02-01,0.051
2001-01-01,0.0516
2000-12-01,0.0524
2000-11-01,0.0572
2000-10-01,0.0574
2000-09-01,0.057999999999999996
2000-08-01,0.0583
2000-07-01,0.0605
2000-06-01,0.061
2000-05-01,0.0644
2000-04-01,0.0599
2000-03-01,0.0626
2000-02-01,0.0652
2000-01-01,0.0666
1999-12-01,0.06280000000000001
1999-11-01,0.0603
1999-10-01,0.0611
1999-09-01,0.0592
1999-08-01,0.0594
1999-07-01,0.0579
1999-06-01,0.059000000000000004
1999-05-01,0.0554
1999-04-01,0.0518
1999-03-01,0.052300000000000006
1999-02-01,0.05
1999-01-01,0.0472
1998-12-01,0.0464
1998-11-01,0.0483
1998-10-01,0.0453
1998-09-01,0.0481
1998-08-01,0.053399999999999996
1998-07-01,0.0546
1998-06-01,0.055
1998-05-01,0.0565
1998-04-01,0.0564
1998-03-01,0.0565
1998-02-01,0.0557
1998-01-01,0.0554
1997-12-01,0.0581
1997-11-01,0.0588
1997-10-01,0.0603
1997-09-01,0.0621
1997-08-01,0.063
1997-07-01,0.0622
1997-06-01,0.0649
1997-05-01,0.06709999999999999
1997-04-01,0.0689
1997-03-01,0.0669
1997-02-01,0.0642
1997-01-01,0.0658
1996-12-01,0.063
1996-11-01,0.062
1996-10-01,0.0653
1996-09-01,0.0683
1996-08-01,0.0664
1996-07-01,0.0687
1996-06-01,0.0691
1996-05-01,0.0674
1996-04-01,0.06509999999999999
1996-03-01,0.06269999999999999
1996-02-01,0.0581
1996-01-01,0.0565
1995-12-01,0.0571
1995-11-01,0.0593
1995-10-01,0.0604
1995-09-01,0.062
1995-08-01,0.0649
1995-07-01,0.06280000000000001
1995-06-01,0.0617
1995-05-01,0.0663
1995-04-01,0.0706
1995-03-01,0.07200000000000001
1995-02-01,0.0747
1995-01-01,0.07780000000000001
1994-12-01,0.0781
1994-11-01,0.0795
1994-10-01,0.0774
1994-09-01,0.0746
1994-08-01,0.0724
1994-07-01,0.073
1994-06-01,0.071
1994-05-01,0.0718
1994-04-01,0.0697
1994-03-01,0.06480000000000001
1994-02-01,0.059699999999999996
1994-01-01,0.0575
1993-12-01,0.057699999999999994
1993-11-01,0.0572
1993-10-01,0.0533
1993-09-01,0.0536
1993-08-01,0.056799999999999996
1993-07-01,0.0581
1993-06-01,0.0596
1993-05-01,0.0604
1993-04-01,0.059699999999999996
1993-03-01,0.059800000000000006
1993-02-01,0.0626
1993-01-01,0.066
1992-12-01,0.0677
1992-11-01,0.0687
1992-10-01,0.0659
1992-09-01,0.0642
1992-08-01,0.0659
1992-07-01,0.0684
1992-06-01,0.0726
1992-05-01,0.0739
1992-04-01,0.0748
1992-03-01,0.0754
1992-02-01,0.07339999999999999
1992-01-01,0.0703
1991-12-01,0.0709
1991-11-01,0.0742
1991-10-01,0.0753
1991-09-01,0.0765
1991-08-01,0.079
1991-07-01,0.0827
1991-06-01,0.0828
1991-05-01,0.08070000000000001
1991-04-01,0.08039999999999999
1991-03-01,0.08109999999999999
1991-02-01,0.0785
1991-01-01,0.0809
1990-12-01,0.08070000000000001
1990-11-01,0.0839
1990-10-01,0.0872
1990-09-01,0.0889
1990-08-01,0.0875
1990-07-01,0.08470000000000001
1990-06-01,0.0848
1990-05-01,0.0876
1990-04-01,0.08789999999999999
1990-03-01,0.0859
1990-02-01,0.08470000000000001
1990-01-01,0.0821
1989-12-01,0.0784
1989-11-01,0.0787
1989-10-01,0.0801
1989-09-01,0.0819
1989-08-01,0.08109999999999999
1989-07-01,0.0802
1989-06-01,0.0828
1989-05-01,0.0886
1989-04-01,0.09179999999999999
1989-03-01,0.09359999999999999
1989-02-01,0.0917
1989-01-01,0.0909
1988-12-01,0.0911
1988-11-01,0.08960000000000001
1988-10-01,0.08800000000000001
1988-09-01,0.0898
1988-08-01,0.0926
1988-07-01,0.0906
1988-06-01,0.0892
1988-05-01,0.0909
1988-04-01,0.0872
1988-03-01,0.0837
1988-02-01,0.0821
1988-01-01,0.0867
1987-12-01,0.08990000000000001
1987-11-01,0.0886
1987-10-01,0.09519999999999999
1987-09-01,0.0942
1987-08-01,0.0876
1987-07-01,0.08449999999999999
1987-06-01,0.084
1987-05-01,0.0861
1987-04-01,0.0802
1987-03-01,0.0725
1987-02-01,0.0725
1987-01-01,0.0708
1986-12-01,0.0711
1986-11-01,0.0725
1986-10-01,0.07429999999999999
1986-09-01,0.0745
1986-08-01,0.0717
1986-07-01,0.073
1986-06-01,0.078
1986-05-01,0.0771
1986-04-01,0.073
1986-03-01,0.07780000000000001
1986-02-01,0.087
1986-01-01,0.0919
1985-12-01,0.0926
1985-11-01,0.0978
1985-10-01,0.1024
1985-09-01,0.10369999999999999
1985-08-01,0.1033
1985-07-01,0.10310000000000001
1985-06-01,0.1016
1985-05-01,0.1085
1985-04-01,0.1143
1985-03-01,0.1186
1985-02-01,0.1151
1985-01-01,0.11380000000000001
1984-12-01,0.115
1984-11-01,0.1157
1984-10-01,0.1216
1984-09-01,0.1252
1984-08-01,0.1272
1984-07-01,0.1336
1984-06-01,0.1356
1984-05-01,0.1341
1984-04-01,0.1263
1984-03-01,0.1232
1984-02-01,0.1184
1984-01-01,0.1167
1983-12-01,0.1183
1983-11-01,0.11689999999999999
1983-10-01,0.11539999999999999
1983-09-01,0.1165
1983-08-01,0.1185
1983-07-01,0.11380000000000001
1983-06-01,0.1085
1983-05-01,0.1038
1983-04-01,0.10400000000000001
1983-03-01,0.1051
1983-02-01,0.1072
1983-01-01,0.10460000000000001
1982-12-01,0.1054
1982-11-01,0.10550000000000001
1982-10-01,0.1091
1982-09-01,0.1234
1982-08-01,0.1306
1982-07-01,0.13949999999999999
1982-06-01,0.14300000000000002
1982-05-01,0.1362
1982-04-01,0.1387
1982-03-01,0.1386
1982-02-01,0.14429999999999998
1982-01-01,0.1459
1981-12-01,0.13720000000000002
1981-11-01,0.13390000000000002
1981-10-01,0.1515
1981-09-01,0.1532
1981-08-01,0.1494
1981-07-01,0.14279999999999998
1981-06-01,0.13470000000000001
1981-05-01,0.141
1981-04-01,0.1368
1981-03-01,0.13119999999999998
1981-02-01,0.1319
1981-01-01,0.1257
1980-12-01,0.1284
1980-11-01,0.1268
1980-10-01,0.1175
1980-09-01,0.1151
1980-08-01,0.111
1980-07-01,0.1025
1980-06-01,0.0978
1980-05-01,0.1018
1980-04-01,0.11470000000000001
1980-03-01,0.1275
1980-02-01,0.1241
1980-01-01,0.10800000000000001
1979-12-01,0.1039
1979-11-01,0.1065
1979-10-01,0.10300000000000001
1979-09-01,0.0933
1979-08-01,0.09029999999999999
1979-07-01,0.0895
1979-06-01,0.0891
1979-05-01,0.0925
1979-04-01,0.09179999999999999
1979-03-01,0.09119999999999999
1979-02-01,0.091
1979-01-01,0.091
1978-12-01,0.0901
1978-11-01,0.08810000000000001
1978-10-01,0.0864
1978-09-01,0.0842
1978-08-01,0.08410000000000001
1978-07-01,0.0864
1978-06-01,0.08460000000000001
1978-05-01,0.08349999999999999
1978-04-01,0.0815
1978-03-01,0.08039999999999999
1978-02-01,0.0803
1978-01-01,0.0796
1977-12-01,0.07690000000000001
1977-11-01,0.0758
1977-10-01,0.07519999999999999
1977-09-01,0.07339999999999999
1977-08-01,0.07400000000000001
1977-07-01,0.0733
1977-06-01,0.0728
1977-05-01,0.0746
1977-04-01,0.0737
1977-03-01,0.0746
1977-02-01,0.0739
1977-01-01,0.0721
1976-12-01,0.0687
1976-11-01,0.0729
1976-10-01,0.0741
1976-09-01,0.0759
1976-08-01,0.07769999999999999
1976-07-01,0.0783
1976-06-01,0.0786
1976-05-01,0.079
1976-04-01,0.0756
1976-03-01,0.07730000000000001
1976-02-01,0.0779
1976-01-01,0.0774
1975-12-01,0.08
1975-11-01,0.0805
1975-10-01,0.0814
1975-09-01,0.0843
1975-08-01,0.084
1975-07-01,0.0806
1975-06-01,0.0786
1975-05-01,0.0806
1975-04-01,0.0823
1975-03-01,0.07730000000000001
1975-02-01,0.0739
1975-01-01,0.075
1974-12-01,0.07429999999999999
1974-11-01,0.0768
1974-10-01,0.079
1974-09-01,0.08039999999999999
1974-08-01,0.08039999999999999
1974-07-01,0.0781
1974-06-01,0.0754
1974-05-01,0.0758
1974-04-01,0.0751
1974-03-01,0.0721
1974-02-01,0.0696
1974-01-01,0.0699
1973-12-01,0.0674
1973-11-01,0.0673
1973-10-01,0.0679
1973-09-01,0.0709
1973-08-01,0.07400000000000001
1973-07-01,0.0713
1973-06-01,0.069
1973-05-01,0.06849999999999999
1973-04-01,0.0667
1973-03-01,0.06709999999999999
1973-02-01,0.0664
1973-01-01,0.0646
1972-12-01,0.0636
1972-11-01,0.06280000000000001
1972-10-01,0.06480000000000001
1972-09-01,0.0655
1972-08-01,0.0621
1972-07-01,0.0611
1972-06-01,0.0611
1972-05-01,0.0613
1972-04-01,0.061900000000000004
1972-03-01,0.060700000000000004
1972-02-01,0.0608
1972-01-01,0.059500000000000004
1971-12-01,0.0593
1971-11-01,0.0581
1971-10-01,0.0593
1971-09-01,0.061399999999999996
1971-08-01,0.0658
1971-07-01,0.0673
1971-06-01,0.0652
1971-05-01,0.0639
1971-04-01,0.0583
1971-03-01,0.057
1971-02-01,0.0611
1971-01-01,0.062400000000000004
1970-12-01,0.0639
1970-11-01,0.0684
1970-10-01,0.0733
1970-09-01,0.0739
1970-08-01,0.0753
1970-07-01,0.0746
1970-06-01,0.0784
1970-05-01,0.0791
1970-04-01,0.0739
1970-03-01,0.0707
1970-02-01,0.0724
1970-01-01,0.0779
1969-12-01,0.0765
1969-11-01,0.07139999999999999
1969-10-01,0.071
1969-09-01,0.0716
1969-08-01,0.0669
1969-07-01,0.0672
1969-06-01,0.06570000000000001
1969-05-01,0.0632
1969-04-01,0.0617
1969-03-01,0.063
1969-02-01,0.061900000000000004
1969-01-01,0.0604
1968-12-01,0.0603
1968-11-01,0.057
1968-10-01,0.0558
1968-09-01,0.0546
1968-08-01,0.0542
1968-07-01,0.055
1968-06-01,0.0572
1968-05-01,0.0587
1968-04-01,0.0564
1968-03-01,0.0574
1968-02-01,0.0556
1968-01-01,0.0553
1967-12-01,0.057
1967-11-01,0.0575
1967-10-01,0.0548
1967-09-01,0.053
1967-08-01,0.0528
1967-07-01,0.0516
1967-06-01,0.050199999999999995
1967-05-01,0.048499999999999995
1967-04-01,0.045899999999999996
1967-03-01,0.0454
1967-02-01,0.0463
1967-01-01,0.0458
1966-12-01,0.0484
1966-11-01,0.0516
1966-10-01,0.0501
1966-09-01,0.0518
1966-08-01,0.052199999999999996
1966-07-01,0.050199999999999995
1966-06-01,0.0481
1966-05-01,0.0478
1966-04-01,0.0475
1966-03-01,0.0487
1966-02-01,0.0483
1966-01-01,0.0461
1965-12-01,0.0462
1965-11-01,0.044500000000000005
1965-10-01,0.0435
1965-09-01,0.0429
1965-08-01,0.0425
1965-07-01,0.042
1965-06-01,0.0421
1965-05-01,0.0421
1965-04-01,0.042
1965-03-01,0.0421
1965-02-01,0.0421
1965-01-01,0.04190000000000001
1964-12-01,0.0418
1964-11-01,0.0415
1964-10-01,0.04190000000000001
1964-09-01,0.042
1964-08-01,0.04190000000000001
1964-07-01,0.04190000000000001
1964-06-01,0.0417
1964-05-01,0.042
1964-04-01,0.042300000000000004
1964-03-01,0.042199999999999994
1964-02-01,0.0415
1964-01-01,0.0417
1963-12-01,0.041299999999999996
1963-11-01,0.0412
1963-10-01,0.041100000000000005
1963-09-01,0.0408
1963-08-01,0.04
1963-07-01,0.04019999999999999
1963-06-01,0.039900000000000005
1963-05-01,0.0393
1963-04-01,0.0397
1963-03-01,0.0393
1963-02-01,0.0392
1963-01-01,0.0383
1962-12-01,0.038599999999999995
1962-11-01,0.0392
1962-10-01,0.0393
1962-09-01,0.0398
1962-08-01,0.0398
1962-07-01,0.0401
1962-06-01,0.0391
1962-05-01,0.0387
1962-04-01,0.0384
1962-03-01,0.0393
1962-02-01,0.0404
1962-01-01,0.0408
1961-12-01,0.0406
1961-11-01,0.0394
1961-10-01,0.0392
1961-09-01,0.0398
1961-08-01,0.0404
1961-07-01,0.0392
1961-06-01,0.0388
1961-05-01,0.0371
1961-04-01,0.0378
1961-03-01,0.0374
1961-02-01,0.0378
1961-01-01,0.0384
1960-12-01,0.0384
1960-11-01,0.0393
1960-10-01,0.038900000000000004
1960-09-01,0.038
1960-08-01,0.038
1960-07-01,0.039
1960-06-01,0.0415
1960-05-01,0.0435
1960-04-01,0.042800000000000005
1960-03-01,0.0425
1960-02-01,0.0449
1960-01-01,0.0472
1959-12-01,0.046900000000000004
1959-11-01,0.0453
1959-10-01,0.0453
1959-09-01,0.046799999999999994
1959-08-01,0.0443
1959-07-01,0.044000000000000004
1959-06-01,0.0434
1959-05-01,0.0431
1959-04-01,0.0412
1959-03-01,0.039900000000000005
1959-02-01,0.039599999999999996
1959-01-01,0.04019999999999999
1958-12-01,0.038599999999999995
1958-11-01,0.0374
1958-10-01,0.038
1958-09-01,0.037599999999999995
1958-08-01,0.0354
1958-07-01,0.032
1958-06-01,0.0297
1958-05-01,0.0292
1958-04-01,0.0288
1958-03-01,0.0298
1958-02-01,0.0305
1958-01-01,0.030899999999999997
1957-12-01,0.0321
1957-11-01,0.037200000000000004
1957-10-01,0.0397
1957-09-01,0.0392
1957-08-01,0.0393
1957-07-01,0.0393
1957-06-01,0.038
1957-05-01,0.036000000000000004
1957-04-01,0.0348
1957-03-01,0.0341
1957-02-01,0.0334
1957-01-01,0.0346
1956-12-01,0.0359
1956-11-01,0.0349
1956-10-01,0.0334
1956-09-01,0.0338
1956-08-01,0.0333
1956-07-01,0.0311
1956-06-01,0.03
1956-05-01,0.030699999999999998
1956-04-01,0.0318
1956-03-01,0.0296
1956-02-01,0.028399999999999998
1956-01-01,0.028999999999999998
1955-12-01,0.0296
1955-11-01,0.028900000000000002
1955-10-01,0.0288
1955-09-01,0.0297
1955-08-01,0.0297
1955-07-01,0.028999999999999998
1955-06-01,0.0278
1955-05-01,0.0276
1955-04-01,0.0275
1955-03-01,0.0268
1955-02-01,0.0265
1955-01-01,0.026099999999999998
1954-12-01,0.025099999999999997
1954-11-01,0.0248
1954-10-01,0.024300000000000002
1954-09-01,0.023799999999999998
1954-08-01,0.0236
1954-07-01,0.023
1954-06-01,0.023799999999999998
1954-05-01,0.023700000000000002
1954-04-01,0.0229
1954-03-01,0.023700000000000002
1954-02-01,0.024700000000000003
1954-01-01,0.0248
1953-12-01,0.0259
1953-11-01,0.0268
1953-10-01,0.026600000000000002
1953-09-01,0.0287
1953-08-01,0.029500000000000002
1953-07-01,0.029300000000000003
1953-06-01,0.0311
1953-05-01,0.0305
1953-04-01,0.028300000000000002
1953-03-01,0.0277
1953-02-01,0.027999999999999997
1953-01-01,0.028300000000000002
1952-12-01,0.0282
1952-11-01,0.0281
1952-10-01,0.0279
1952-09-01,0.0278
1952-08-01,0.0277
1952-07-01,0.0276
1952-06-01,0.0274
1952-05-01,0.0273
1952-04-01,0.027200000000000002
1952-03-01,0.027000000000000003
1952-02-01,0.0269
1952-01-01,0.0268
1951-12-01,0.026699999999999998
1951-11-01,0.026600000000000002
1951-10-01,0.0265
1951-09-01,0.0264
1951-08-01,0.0263
1951-07-01,0.0262
1951-06-01,0.0262
1951-05-01,0.026099999999999998
1951-04-01,0.026000000000000002
1951-03-01,0.0259
1951-02-01,0.0258
1951-01-01,0.025699999999999997
1950-12-01,0.0255
1950-11-01,0.0253
1950-10-01,0.025099999999999997
1950-09-01,0.024900000000000002
1950-08-01,0.024700000000000003
1950-07-01,0.024399999999999998
1950-06-01,0.0242
1950-05-01,0.024
1950-04-01,0.023799999999999998
1950-03-01,0.0236
1950-02-01,0.023399999999999997
1950-01-01,0.0232
1949-12-01,0.0232
1949-11-01,0.0232
1949-10-01,0.0232
1949-09-01,0.0232
1949-08-01,0.0232
1949-07-01,0.0232
1949-06-01,0.0231
1949-05-01,0.0231
1949-04-01,0.0231
1949-03-01,0.0231
1949-02-01,0.0231
1949-01-01,0.0231
1948-12-01,0.0232
1948-11-01,0.0233
1948-10-01,0.023399999999999997
1948-09-01,0.0235
1948-08-01,0.0236
1948-07-01,0.023799999999999998
1948-06-01,0.0239
1948-05-01,0.024
1948-04-01,0.0241
1948-03-01,0.0242
1948-02-01,0.024300000000000002
1948-01-01,0.024399999999999998
1947-12-01,0.0242
1947-11-01,0.0241
1947-10-01,0.0239
1947-09-01,0.023799999999999998
1947-08-01,0.0236
1947-07-01,0.0235
1947-06-01,0.0233
1947-05-01,0.0231
1947-04-01,0.023
1947-03-01,0.022799999999999997
1947-02-01,0.0227
1947-01-01,0.0225
1946-12-01,0.022400000000000003
1946-11-01,0.022400000000000003
1946-10-01,0.0223
1946-09-01,0.0223
1946-08-01,0.0222
1946-07-01,0.0222
1946-06-01,0.022099999999999998
1946-05-01,0.022099999999999998
1946-04-01,0.022000000000000002
1946-03-01,0.022000000000000002
1946-02-01,0.0219
1946-01-01,0.0219
1945-12-01,0.022000000000000002
1945-11-01,0.0222
1945-10-01,0.0223
1945-09-01,0.0225
1945-08-01,0.0227
1945-07-01,0.022799999999999997
1945-06-01,0.023
1945-05-01,0.0231
1945-04-01,0.0233
1945-03-01,0.023399999999999997
1945-02-01,0.0236
1945-01-01,0.023700000000000002
1944-12-01,0.023799999999999998
1944-11-01,0.0239
1944-10-01,0.024
1944-09-01,0.0241
1944-08-01,0.0242
1944-07-01,0.0242
1944-06-01,0.024300000000000002
1944-05-01,0.024399999999999998
1944-04-01,0.0245
1944-03-01,0.0246
1944-02-01,0.024700000000000003
1944-01-01,0.0248
1943-12-01,0.0248
1943-11-01,0.0248
1943-10-01,0.0248
1943-09-01,0.0248
1943-08-01,0.0248
1943-07-01,0.024700000000000003
1943-06-01,0.024700000000000003
1943-05-01,0.024700000000000003
1943-04-01,0.024700000000000003
1943-03-01,0.024700000000000003
1943-02-01,0.024700000000000003
1943-01-01,0.024700000000000003
1942-12-01,0.024700000000000003
1942-11-01,0.024700000000000003
1942-10-01,0.024700000000000003
1942-09-01,0.024700000000000003
1942-08-01,0.024700000000000003
1942-07-01,0.0246
1942-06-01,0.0246
1942-05-01,0.0246
1942-04-01,0.0246
1942-03-01,0.0246
1942-02-01,0.0246
1942-01-01,0.0246
1941-12-01,0.0242
1941-11-01,0.023799999999999998
1941-10-01,0.0233
1941-09-01,0.0229
1941-08-01,0.0225
1941-07-01,0.022000000000000002
1941-06-01,0.0216
1941-05-01,0.0212
1941-04-01,0.0208
1941-03-01,0.0204
1941-02-01,0.0199
1941-01-01,0.0195
1940-12-01,0.0197
1940-11-01,0.0199
1940-10-01,0.0202
1940-09-01,0.0204
1940-08-01,0.0206
1940-07-01,0.0208
1940-06-01,0.021
1940-05-01,0.0212
1940-04-01,0.021400000000000002
1940-03-01,0.0217
1940-02-01,0.0219
1940-01-01,0.022099999999999998
1939-12-01,0.0222
1939-11-01,0.0223
1939-10-01,0.0225
1939-09-01,0.0226
1939-08-01,0.0227
1939-07-01,0.0229
1939-06-01,0.023
1939-05-01,0.0231
1939-04-01,0.0232
1939-03-01,0.023399999999999997
1939-02-01,0.0235
1939-01-01,0.0236
1938-12-01,0.023799999999999998
1938-11-01,0.0239
1938-10-01,0.0241
1938-09-01,0.024300000000000002
1938-08-01,0.024399999999999998
1938-07-01,0.0246
1938-06-01,0.0248
1938-05-01,0.024900000000000002
1938-04-01,0.025099999999999997
1938-03-01,0.0253
1938-02-01,0.0254
1938-01-01,0.0256
1937-12-01,0.025699999999999997
1937-11-01,0.0258
1937-10-01,0.0259
1937-09-01,0.026000000000000002
1937-08-01,0.026099999999999998
1937-07-01,0.0262
1937-06-01,0.0263
1937-05-01,0.0264
1937-04-01,0.0265
1937-03-01,0.026600000000000002
1937-02-01,0.026699999999999998
1937-01-01,0.0268
1936-12-01,0.0268
1936-11-01,0.026699999999999998
1936-10-01,0.026699999999999998
1936-09-01,0.026699999999999998
1936-08-01,0.026699999999999998
1936-07-01,0.026600000000000002
1936-06-01,0.026600000000000002
1936-05-01,0.026600000000000002
1936-04-01,0.026600000000000002
1936-03-01,0.0265
1936-02-01,0.0265
1936-01-01,0.0265
1935-12-01,0.026600000000000002
1935-11-01,0.026699999999999998
1935-10-01,0.0268
1935-09-01,0.027000000000000003
1935-08-01,0.0271
1935-07-01,0.027200000000000002
1935-06-01,0.0273
1935-05-01,0.0274
1935-04-01,0.0276
1935-03-01,0.0277
1935-02-01,0.0278
1935-01-01,0.0279
1934-12-01,0.0282
1934-11-01,0.0285
1934-10-01,0.0287
1934-09-01,0.028999999999999998
1934-08-01,0.029300000000000003
1934-07-01,0.029500000000000002
1934-06-01,0.0298
1934-05-01,0.0301
1934-04-01,0.0304
1934-03-01,0.030699999999999998
1934-02-01,0.030899999999999997
1934-01-01,0.031200000000000002
1933-12-01,0.031400000000000004
1933-11-01,0.0315
1933-10-01,0.0317
1933-09-01,0.0318
1933-08-01,0.032
1933-07-01,0.0321
1933-06-01,0.0323
1933-05-01,0.0325
1933-04-01,0.0326
1933-03-01,0.032799999999999996
1933-02-01,0.0329
1933-01-01,0.0331
1932-12-01,0.0334
1932-11-01,0.0337
1932-10-01,0.034
1932-09-01,0.034300000000000004
1932-08-01,0.0346
1932-07-01,0.0349
1932-06-01,0.0353
1932-05-01,0.0356
1932-04-01,0.0359
1932-03-01,0.0362
1932-02-01,0.0365
1932-01-01,0.0368
1931-12-01,0.0365
1931-11-01,0.0362
1931-10-01,0.036000000000000004
1931-09-01,0.035699999999999996
1931-08-01,0.0354
1931-07-01,0.0351
1931-06-01,0.0348
1931-05-01,0.0345
1931-04-01,0.0342
1931-03-01,0.034
1931-02-01,0.0337
1931-01-01,0.0334
1930-12-01,0.0334
1930-11-01,0.0333
1930-10-01,0.0333
1930-09-01,0.0332
1930-08-01,0.0332
1930-07-01,0.0332
1930-06-01,0.0331
1930-05-01,0.0331
1930-04-01,0.033
1930-03-01,0.033
1930-02-01,0.0329
1930-01-01,0.0329
1929-12-01,0.0332
1929-11-01,0.0334
1929-10-01,0.0337
1929-09-01,0.0339
1929-08-01,0.0342
1929-07-01,0.0344
1929-06-01,0.0347
1929-05-01,0.035
1929-04-01,0.0352
1929-03-01,0.0355
1929-02-01,0.035699999999999996
1929-01-01,0.036000000000000004
1928-12-01,0.0358
1928-11-01,0.0356
1928-10-01,0.0353
1928-09-01,0.0351
1928-08-01,0.0349
1928-07-01,0.0346
1928-06-01,0.0344
1928-05-01,0.0342
1928-04-01,0.034
1928-03-01,0.0338
1928-02-01,0.0335
1928-01-01,0.0333
1927-12-01,0.0333
1927-11-01,0.0333
1927-10-01,0.0333
1927-09-01,0.0333
1927-08-01,0.0333
1927-07-01,0.0334
1927-06-01,0.0334
1927-05-01,0.0334
1927-04-01,0.0334
1927-03-01,0.0334
1927-02-01,0.0334
1927-01-01,0.0334
1926-12-01,0.0337
1926-11-01,0.034
1926-10-01,0.0342
1926-09-01,0.0345
1926-08-01,0.0348
1926-07-01,0.0351
1926-06-01,0.0354
1926-05-01,0.035699999999999996
1926-04-01,0.036000000000000004
1926-03-01,0.0362
1926-02-01,0.0365
1926-01-01,0.0368
1925-12-01,0.0369
1925-11-01,0.0371
1925-10-01,0.037200000000000004
1925-09-01,0.0374
1925-08-01,0.037599999999999995
1925-07-01,0.0377
1925-06-01,0.0379
1925-05-01,0.038
1925-04-01,0.0382
1925-03-01,0.0383
1925-02-01,0.0385
1925-01-01,0.038599999999999995
1924-12-01,0.0388
1924-11-01,0.038900000000000004
1924-10-01,0.0391
1924-09-01,0.0393
1924-08-01,0.0394
1924-07-01,0.039599999999999996
1924-06-01,0.0398
1924-05-01,0.039900000000000005
1924-04-01,0.0401
1924-03-01,0.0403
1924-02-01,0.0404
1924-01-01,0.0406
1923-12-01,0.0409
1923-11-01,0.041100000000000005
1923-10-01,0.0414
1923-09-01,0.0416
1923-08-01,0.0418
1923-07-01,0.0421
1923-06-01,0.0424
1923-05-01,0.0426
1923-04-01,0.042800000000000005
1923-03-01,0.0431
1923-02-01,0.0434
1923-01-01,0.0436
1922-12-01,0.0436
1922-11-01,0.0435
1922-10-01,0.0434
1922-09-01,0.0434
1922-08-01,0.0434
1922-07-01,0.0433
1922-06-01,0.0432
1922-05-01,0.0432
1922-04-01,0.0432
1922-03-01,0.0431
1922-02-01,0.043
1922-01-01,0.043
1921-12-01,0.0437
1921-11-01,0.0443
1921-10-01,0.045
1921-09-01,0.045599999999999995
1921-08-01,0.0463
1921-07-01,0.047
1921-06-01,0.047599999999999996
1921-05-01,0.0483
1921-04-01,0.0489
1921-03-01,0.0496
1921-02-01,0.050199999999999995
1921-01-01,0.0509
1920-12-01,0.0508
1920-11-01,0.0507
1920-10-01,0.0506
1920-09-01,0.050499999999999996
1920-08-01,0.0504
1920-07-01,0.050300000000000004
1920-06-01,0.050199999999999995
1920-05-01,0.0501
1920-04-01,0.05
1920-03-01,0.0499
1920-02-01,0.049800000000000004
1920-01-01,0.049699999999999994
1919-12-01,0.0493
1919-11-01,0.0489
1919-10-01,0.048499999999999995
1919-09-01,0.0481
1919-08-01,0.04769999999999999
1919-07-01,0.047400000000000005
1919-06-01,0.047
1919-05-01,0.0466
1919-04-01,0.0462
1919-03-01,0.0458
1919-02-01,0.0454
1919-01-01,0.045
1918-12-01,0.0451
1918-11-01,0.0451
1918-10-01,0.0452
1918-09-01,0.0452
1918-08-01,0.0453
1918-07-01,0.0453
1918-06-01,0.0454
1918-05-01,0.0455
1918-04-01,0.0455
1918-03-01,0.045599999999999995
1918-02-01,0.045599999999999995
1918-01-01,0.045700000000000005
1917-12-01,0.0454
1917-11-01,0.0451
1917-10-01,0.0449
1917-09-01,0.0446
1917-08-01,0.0443
1917-07-01,0.044000000000000004
1917-06-01,0.0437
1917-05-01,0.0434
1917-04-01,0.0432
1917-03-01,0.0429
1917-02-01,0.0426
1917-01-01,0.042300000000000004
1916-12-01,0.042199999999999994
1916-11-01,0.042
1916-10-01,0.0418
1916-09-01,0.0417
1916-08-01,0.0416
1916-07-01,0.0414
1916-06-01,0.0412
1916-05-01,0.041100000000000005
1916-04-01,0.0409
1916-03-01,0.0408
1916-02-01,0.0407
1916-01-01,0.0405
1915-12-01,0.0407
1915-11-01,0.0408
1915-10-01,0.040999999999999995
1915-09-01,0.041100000000000005
1915-08-01,0.041299999999999996
1915-07-01,0.0414
1915-06-01,0.0416
1915-05-01,0.0418
1915-04-01,0.04190000000000001
1915-03-01,0.0421
1915-02-01,0.042199999999999994
1915-01-01,0.0424
1914-12-01,0.042300000000000004
1914-11-01,0.042300000000000004
1914-10-01,0.042199999999999994
1914-09-01,0.0421
1914-08-01,0.0421
1914-07-01,0.042
1914-06-01,0.04190000000000001
1914-05-01,0.04190000000000001
1914-04-01,0.0418
1914-03-01,0.0417
1914-02-01,0.0417
1914-01-01,0.0416
1913-12-01,0.0418
1913-11-01,0.0421
1913-10-01,0.042300000000000004
1913-09-01,0.0426
1913-08-01,0.042800000000000005
1913-07-01,0.043
1913-06-01,0.0433
1913-05-01,0.0435
1913-04-01,0.0438
1913-03-01,0.044000000000000004
1913-02-01,0.0443
1913-01-01,0.044500000000000005
1912-12-01,0.0441
1912-11-01,0.0438
1912-10-01,0.0434
1912-09-01,0.043
1912-08-01,0.042699999999999995
1912-07-01,0.042300000000000004
1912-06-01,0.04190000000000001
1912-05-01,0.0416
1912-04-01,0.0412
1912-03-01,0.0408
1912-02-01,0.0405
1912-01-01,0.0401
1911-12-01,0.0401
1911-11-01,0.0401
1911-10-01,0.04
1911-09-01,0.04
1911-08-01,0.04
1911-07-01,0.039900000000000005
1911-06-01,0.039900000000000005
1911-05-01,0.039900000000000005
1911-04-01,0.039900000000000005
1911-03-01,0.0398
1911-02-01,0.0398
1911-01-01,0.0398
1910-12-01,0.0397
1910-11-01,0.0397
1910-10-01,0.039599999999999996
1910-09-01,0.039599999999999996
1910-08-01,0.0395
1910-07-01,0.0394
1910-06-01,0.0394
1910-05-01,0.0393
1910-04-01,0.0393
1910-03-01,0.0392
1910-02-01,0.0392
1910-01-01,0.0391
1909-12-01,0.039
1909-11-01,0.0388
1909-10-01,0.0387
1909-09-01,0.038599999999999995
1909-08-01,0.0385
1909-07-01,0.0384
1909-06-01,0.0382
1909-05-01,0.0381
1909-04-01,0.038
1909-03-01,0.0379
1909-02-01,0.0377
1909-01-01,0.037599999999999995
1908-12-01,0.0377
1908-11-01,0.0378
1908-10-01,0.0379
1908-09-01,0.038
1908-08-01,0.0381
1908-07-01,0.0382
1908-06-01,0.0382
1908-05-01,0.0383
1908-04-01,0.0384
1908-03-01,0.0385
1908-02-01,0.038599999999999995
1908-01-01,0.0387
1907-12-01,0.0385
1907-11-01,0.0384
1907-10-01,0.0382
1907-09-01,0.038
1907-08-01,0.0379
1907-07-01,0.0377
1907-06-01,0.0375
1907-05-01,0.0374
1907-04-01,0.037200000000000004
1907-03-01,0.037000000000000005
1907-02-01,0.0369
1907-01-01,0.036699999999999997
1906-12-01,0.0365
1906-11-01,0.0363
1906-10-01,0.0361
1906-09-01,0.0359
1906-08-01,0.035699999999999996
1906-07-01,0.0355
1906-06-01,0.0353
1906-05-01,0.0351
1906-04-01,0.0349
1906-03-01,0.0347
1906-02-01,0.0345
1906-01-01,0.034300000000000004
1905-12-01,0.034300000000000004
1905-11-01,0.0344
1905-10-01,0.0344
1905-09-01,0.0345
1905-08-01,0.0345
1905-07-01,0.0345
1905-06-01,0.0346
1905-05-01,0.0346
1905-04-01,0.0347
1905-03-01,0.0347
1905-02-01,0.0348
1905-01-01,0.0348
1904-12-01,0.0347
1904-11-01,0.0347
1904-10-01,0.0346
1904-09-01,0.0345
1904-08-01,0.0345
1904-07-01,0.0344
1904-06-01,0.034300000000000004
1904-05-01,0.034300000000000004
1904-04-01,0.0342
1904-03-01,0.0341
1904-02-01,0.0341
1904-01-01,0.034
1903-12-01,0.0339
1903-11-01,0.0338
1903-10-01,0.0338
1903-09-01,0.0337
1903-08-01,0.0336
1903-07-01,0.0335
1903-06-01,0.0334
1903-05-01,0.0333
1903-04-01,0.0333
1903-03-01,0.0332
1903-02-01,0.0331
1903-01-01,0.033
1902-12-01,0.0329
1902-11-01,0.032799999999999996
1902-10-01,0.0327
1902-09-01,0.0326
1902-08-01,0.0325
1902-07-01,0.032400000000000005
1902-06-01,0.0323
1902-05-01,0.0322
1902-04-01,0.0321
1902-03-01,0.032
1902-02-01,0.0319
1902-01-01,0.0318
1901-12-01,0.0317
1901-11-01,0.0317
1901-10-01,0.0316
1901-09-01,0.0315
1901-08-01,0.0315
1901-07-01,0.031400000000000004
1901-06-01,0.0313
1901-05-01,0.0313
1901-04-01,0.031200000000000002
1901-03-01,0.0311
1901-02-01,0.0311
1901-01-01,0.031
1900-12-01,0.031
1900-11-01,0.0311
1900-10-01,0.0311
1900-09-01,0.031200000000000002
1900-08-01,0.031200000000000002
1900-07-01,0.031200000000000002
1900-06-01,0.0313
1900-05-01,0.0313
1900-04-01,0.031400000000000004
1900-03-01,0.031400000000000004
1900-02-01,0.0315
1900-01-01,0.0315
1899-12-01,0.0315
1899-11-01,0.031400000000000004
1899-10-01,0.031400000000000004
1899-09-01,0.0313
1899-08-01,0.0313
1899-07-01,0.031200000000000002
1899-06-01,0.031200000000000002
1899-05-01,0.031200000000000002
1899-04-01,0.0311
1899-03-01,0.0311
1899-02-01,0.031
1899-01-01,0.031
1898-12-01,0.031200000000000002
1898-11-01,0.031400000000000004
1898-10-01,0.0316
1898-09-01,0.0318
1898-08-01,0.032
1898-07-01,0.0322
1898-06-01,0.0325
1898-05-01,0.0327
1898-04-01,0.0329
1898-03-01,0.0331
1898-02-01,0.0333
1898-01-01,0.0335
1897-12-01,0.0335
1897-11-01,0.0336
1897-10-01,0.0336
1897-09-01,0.0337
1897-08-01,0.0337
1897-07-01,0.0338
1897-06-01,0.0338
1897-05-01,0.0338
1897-04-01,0.0339
1897-03-01,0.0339
1897-02-01,0.034
1897-01-01,0.034
1896-12-01,0.0342
1896-11-01,0.034300000000000004
1896-10-01,0.0345
1896-09-01,0.0347
1896-08-01,0.0348
1896-07-01,0.035
1896-06-01,0.0352
1896-05-01,0.0353
1896-04-01,0.0355
1896-03-01,0.035699999999999996
1896-02-01,0.0358
1896-01-01,0.036000000000000004
1895-12-01,0.0359
1895-11-01,0.0358
1895-10-01,0.035699999999999996
1895-09-01,0.0355
1895-08-01,0.0354
1895-07-01,0.0353
1895-06-01,0.0352
1895-05-01,0.0351
1895-04-01,0.0349
1895-03-01,0.0348
1895-02-01,0.0347
1895-01-01,0.0346
1894-12-01,0.0348
1894-11-01,0.035
1894-10-01,0.0352
1894-09-01,0.0354
1894-08-01,0.0356
1894-07-01,0.0358
1894-06-01,0.036000000000000004
1894-05-01,0.0362
1894-04-01,0.0364
1894-03-01,0.0366
1894-02-01,0.0368
1894-01-01,0.037000000000000005
1893-12-01,0.037000000000000005
1893-11-01,0.0371
1893-10-01,0.0371
1893-09-01,0.037200000000000004
1893-08-01,0.037200000000000004
1893-07-01,0.037200000000000004
1893-06-01,0.0373
1893-05-01,0.0373
1893-04-01,0.0374
1893-03-01,0.0374
1893-02-01,0.0375
1893-01-01,0.0375
1892-12-01,0.0374
1892-11-01,0.037200000000000004
1892-10-01,0.0371
1892-09-01,0.037000000000000005
1892-08-01,0.0369
1892-07-01,0.036699999999999997
1892-06-01,0.0366
1892-05-01,0.0365
1892-04-01,0.0364
1892-03-01,0.0362
1892-02-01,0.0361
1892-01-01,0.036000000000000004
1891-12-01,0.036000000000000004
1891-11-01,0.036000000000000004
1891-10-01,0.0361
1891-09-01,0.0361
1891-08-01,0.0361
1891-07-01,0.0361
1891-06-01,0.0361
1891-05-01,0.0361
1891-04-01,0.0362
1891-03-01,0.0362
1891-02-01,0.0362
1891-01-01,0.0362
1890-12-01,0.036000000000000004
1890-11-01,0.0359
1890-10-01,0.035699999999999996
1890-09-01,0.0355
1890-08-01,0.0354
1890-07-01,0.0352
1890-06-01,0.035
1890-05-01,0.0349
1890-04-01,0.0347
1890-03-01,0.0345
1890-02-01,0.0344
1890-01-01,0.0342
1889-12-01,0.0342
1889-11-01,0.0342
1889-10-01,0.034300000000000004
1889-09-01,0.034300000000000004
1889-08-01,0.034300000000000004
1889-07-01,0.034300000000000004
1889-06-01,0.0344
1889-05-01,0.0344
1889-04-01,0.0344
1889-03-01,0.0344
1889-02-01,0.0345
1889-01-01,0.0345
1888-12-01,0.0347
1888-11-01,0.0349
1888-10-01,0.0351
1888-09-01,0.0352
1888-08-01,0.0354
1888-07-01,0.0356
1888-06-01,0.0358
1888-05-01,0.036000000000000004
1888-04-01,0.0362
1888-03-01,0.0363
1888-02-01,0.0365
1888-01-01,0.036699999999999997
1887-12-01,0.0366
1887-11-01,0.0364
1887-10-01,0.0363
1887-09-01,0.0362
1887-08-01,0.0361
1887-07-01,0.036000000000000004
1887-06-01,0.0358
1887-05-01,0.035699999999999996
1887-04-01,0.0356
1887-03-01,0.0355
1887-02-01,0.0353
1887-01-01,0.0352
1886-12-01,0.0351
1886-11-01,0.0349
1886-10-01,0.0348
1886-09-01,0.0347
1886-08-01,0.0346
1886-07-01,0.0344
1886-06-01,0.034300000000000004
1886-05-01,0.0342
1886-04-01,0.0341
1886-03-01,0.0339
1886-02-01,0.0338
1886-01-01,0.0337
1885-12-01,0.0338
1885-11-01,0.0339
1885-10-01,0.0341
1885-09-01,0.0342
1885-08-01,0.034300000000000004
1885-07-01,0.0344
1885-06-01,0.0346
1885-05-01,0.0347
1885-04-01,0.0348
1885-03-01,0.0349
1885-02-01,0.0351
1885-01-01,0.0352
1884-12-01,0.0353
1884-11-01,0.0354
1884-10-01,0.0355
1884-09-01,0.0355
1884-08-01,0.0356
1884-07-01,0.035699999999999996
1884-06-01,0.0358
1884-05-01,0.0359
1884-04-01,0.036000000000000004
1884-03-01,0.036000000000000004
1884-02-01,0.0361
1884-01-01,0.0362
1883-12-01,0.0362
1883-11-01,0.0362
1883-10-01,0.0362
1883-09-01,0.0362
1883-08-01,0.0362
1883-07-01,0.0362
1883-06-01,0.0363
1883-05-01,0.0363
1883-04-01,0.0363
1883-03-01,0.0363
1883-02-01,0.0363
1883-01-01,0.0363
1882-12-01,0.0363
1882-11-01,0.0363
1882-10-01,0.0363
1882-09-01,0.0363
1882-08-01,0.0363
1882-07-01,0.0362
1882-06-01,0.0362
1882-05-01,0.0362
1882-04-01,0.0362
1882-03-01,0.0362
1882-02-01,0.0362
1882-01-01,0.0362
1881-12-01,0.0363
1881-11-01,0.0363
1881-10-01,0.0364
1881-09-01,0.0365
1881-08-01,0.0365
1881-07-01,0.0366
1881-06-01,0.036699999999999997
1881-05-01,0.036699999999999997
1881-04-01,0.0368
1881-03-01,0.0369
1881-02-01,0.0369
1881-01-01,0.037000000000000005
1880-12-01,0.0373
1880-11-01,0.0375
1880-10-01,0.0378
1880-09-01,0.0381
1880-08-01,0.0383
1880-07-01,0.038599999999999995
1880-06-01,0.038900000000000004
1880-05-01,0.0391
1880-04-01,0.0394
1880-03-01,0.0397
1880-02-01,0.039900000000000005
1880-01-01,0.04019999999999999
1879-12-01,0.0404
1879-11-01,0.0405
1879-10-01,0.0407
1879-09-01,0.0409
1879-08-01,0.040999999999999995
1879-07-01,0.0412
1879-06-01,0.0414
1879-05-01,0.0415
1879-04-01,0.0417
1879-03-01,0.04190000000000001
1879-02-01,0.042
1879-01-01,0.042199999999999994
1878-12-01,0.042300000000000004
1878-11-01,0.0424
1878-10-01,0.0425
1878-09-01,0.0426
1878-08-01,0.042699999999999995
1878-07-01,0.042800000000000005
1878-06-01,0.0429
1878-05-01,0.043
1878-04-01,0.0431
1878-03-01,0.0432
1878-02-01,0.0433
1878-01-01,0.0434
1877-12-01,0.0435
1877-11-01,0.0436
1877-10-01,0.0437
1877-09-01,0.0438
1877-08-01,0.043899999999999995
1877-07-01,0.043899999999999995
1877-06-01,0.044000000000000004
1877-05-01,0.0441
1877-04-01,0.044199999999999996
1877-03-01,0.0443
1877-02-01,0.0444
1877-01-01,0.044500000000000005
1876-12-01,0.0446
1876-11-01,0.0447
1876-10-01,0.0449
1876-09-01,0.045
1876-08-01,0.0451
1876-07-01,0.0452
1876-06-01,0.0453
1876-05-01,0.0454
1876-04-01,0.0455
1876-03-01,0.045700000000000005
1876-02-01,0.0458
1876-01-01,0.045899999999999996
1875-12-01,0.0463
1875-11-01,0.0467
1875-10-01,0.0471
1875-09-01,0.0475
1875-08-01,0.0479
1875-07-01,0.0483
1875-06-01,0.0487
1875-05-01,0.049100000000000005
1875-04-01,0.0495
1875-03-01,0.0499
1875-02-01,0.050300000000000004
1875-01-01,0.0507
1874-12-01,0.051
1874-11-01,0.051399999999999994
1874-10-01,0.051699999999999996
1874-09-01,0.052000000000000005
1874-08-01,0.0524
1874-07-01,0.0527
1874-06-01,0.053
1874-05-01,0.053399999999999996
1874-04-01,0.0537
1874-03-01,0.054000000000000006
1874-02-01,0.054400000000000004
1874-01-01,0.0547
1873-12-01,0.0548
1873-11-01,0.054900000000000004
1873-10-01,0.055
1873-09-01,0.055099999999999996
1873-08-01,0.0552
1873-07-01,0.0553
1873-06-01,0.0553
1873-05-01,0.0554
1873-04-01,0.0555
1873-03-01,0.0556
1873-02-01,0.0557
1873-01-01,0.0558
1872-12-01,0.0556
1872-11-01,0.0554
1872-10-01,0.0553
1872-09-01,0.055099999999999996
1872-08-01,0.054900000000000004
1872-07-01,0.0547
1872-06-01,0.0545
1872-05-01,0.054299999999999994
1872-04-01,0.0541
1872-03-01,0.054000000000000006
1872-02-01,0.0538
1872-01-01,0.0536
1871-12-01,0.0536
1871-11-01,0.0535
1871-10-01,0.0535
1871-09-01,0.0535
1871-08-01,0.053399999999999996
1871-07-01,0.053399999999999996
1871-06-01,0.053399999999999996
1871-05-01,0.0533
1871-04-01,0.0533
1871-03-01,0.0533
1871-02-01,0.053200000000000004
1871-01-01,0.053200000000000004
